Index,Reaction1,Reaction2,Catalyst1,Catalyst2,Product,Yield,ee
1,[H]C(CCCCC#C)=O,[H]C1=CC=C(C(CBr)=O)C=C1,FC1=CC(F)=C(C2=CC=C(C(F)(F)F)C=[N+]2[Ir-3]345([N+]6=CC=C(C(C)(C)C)C=C6C7=[N+]5C=CC(C(C)(C)C)=C7)[N+]8=CC(C(F)(F)F)=CC=C8C9=C(F)C=C(F)C=C94)C3=C1.F[P-](F)(F)(F)(F)F,N[C@H]([C@@H](NS(C)(=O)=O)C1=CC=CC=C1)C2=CC=CC=C2,[H]C([C@H](CCCC#C)CC(C1=CC=C([H])C=C1)=O)=O,0.367142906234751,0.799270651661376
2,[H]C(CCCCC#C)=O,[H]C1=CC=C(C(CBr)=O)C=C1,C1(C2=CC=CC=[N+]23)=CC=CC=C1[Ir-3]435(C6=CC=CC=C6C7=CC=CC=[N+]75)[N+]8=CC=CC=C8C9=CC=CC=C94,N[C@H]([C@@H](NS(C)(=O)=O)C1=CC=CC=C1)C2=CC=CC=C2,[H]C([C@H](CCCC#C)CC(C1=CC=C([H])C=C1)=O)=O,0.3559745401992177,0.822546072644144
3,[H]C(CCCCC#C)=O,[H]C1=CC=C(C(CBr)=O)C=C1,F[P-](F)(F)(F)(F)F.C1(C2=CC=CC=[N+]23)=CC=CC=C1[Ir-3]435([N+]6=CC=CC=C6C7=CC=CC=[N+]75)[N+]8=CC=CC=C8C9=CC=CC=C94,N[C@H]([C@@H](NS(C)(=O)=O)C1=CC=CC=C1)C2=CC=CC=C2,[H]C([C@H](CCCC#C)CC(C1=CC=C([H])C=C1)=O)=O,0.4010588039242311,0.808106197635905
4,[H]C(CCCCC#C)=O,[H]C1=CC=C(C(CBr)=O)C=C1,FC1=CC(F)=C(C2=[N+]3C=CC=C2)C([Ir-3]435(C6=CC(F)=CC(F)=C6C7=[N+]5C=CC=C7)C8=CC(F)=CC(F)=C8C9=[N+]4C=CC=C9)=C1,N[C@H]([C@@H](NS(C)(=O)=O)C1=CC=CC=C1)C2=CC=CC=C2,[H]C([C@H](CCCC#C)CC(C1=CC=C([H])C=C1)=O)=O,0.3340659656349989,0.811708957466525
5,[H]C(CCCCC#C)=O,[H]C1=CC=C(C(CBr)=O)C=C1,C1(C2=CC=CC=[N+]23)=CC=CC=[N+]1[Ru-6]435([N+]6=CC=CC=C6C7=CC=CC=[N+]75)[N+]8=CC=CC=C8C9=CC=CC=[N+]94.[Cl-].[Cl-].O.O.O.O.O.O,N[C@H]([C@@H](NS(C)(=O)=O)C1=CC=CC=C1)C2=CC=CC=C2,[H]C([C@H](CCCC#C)CC(C1=CC=C([H])C=C1)=O)=O,0.20283098666143806,0.843148460575154
6,[H]C(CCCCC#C)=O,[H]C1=CC=C(C(CBr)=O)C=C1,F[P-](F)(F)(F)(F)F.F[P-](F)(F)(F)(F)F.C1(C2=CC=CC=[N+]23)=CC=CC=[N+]1[Ru-4]435([N+]6=CC=CC=C6C7=CC=CC=[N+]75)[N+]8=CC=CC=C8C9=CC=CC=[N+]94,N[C@H]([C@@H](NS(C)(=O)=O)C1=CC=CC=C1)C2=CC=CC=C2,[H]C([C@H](CCCC#C)CC(C1=CC=C([H])C=C1)=O)=O,0.290160823399375,0.868838231464688
7,[H]C(CCCCC#C)=O,[H]C1=CC=C(C(CBr)=O)C=C1,C[N+]1=C2C=CC=CC2=C(C3=C(C)C=CC=C3C)C4=C1C=CC=C4.O=Cl(=O)([O-])=O,N[C@H]([C@@H](NS(C)(=O)=O)C1=CC=CC=C1)C2=CC=CC=C2,[H]C([C@H](CCCC#C)CC(C1=CC=C([H])C=C1)=O)=O,0.058371801276740756,0.862317937927569
8,[H]C(CCCCC#C)=O,[H]C1=CC=C(C(CBr)=O)C=C1,[O-]C1=C(Br)C(O2)=C(C=C1Br)C(C3=C(C([O-])=O)C=CC=C3)C(C=C4Br)C2=C(Br)C4=O.[Na+].[Na+],N[C@H]([C@@H](NS(C)(=O)=O)C1=CC=CC=C1)C2=CC=CC=C2,[H]C([C@H](CCCC#C)CC(C1=CC=C([H])C=C1)=O)=O,0.16966617590068883,0.830924172668225
9,[H]C(CCCCC#C)=O,[H]C1=CC=C(C(CBr)=O)C=C1,CC/[N+](CC)=C1C=CC2=C(C3=CC=CC=C3C(O)=O)C4=C(C=C(N(CC)CC)C=C4)OC2=C.[Cl-],N[C@H]([C@@H](NS(C)(=O)=O)C1=CC=CC=C1)C2=CC=CC=C2,[H]C([C@H](CCCC#C)CC(C1=CC=C([H])C=C1)=O)=O,0.117810079358908,0.834921608850733
10,[H]C(CCCCC#C)=O,[H]C1=CC=C(C(CBr)=O)C=C1,CN(C1=CC2=[S+]C3=C(C=CC(N(C)C)=C3)N=C2C=C1)C.[Cl-],N[C@H]([C@@H](NS(C)(=O)=O)C1=CC=CC=C1)C2=CC=CC=C2,[H]C([C@H](CCCC#C)CC(C1=CC=C([H])C=C1)=O)=O,0.053476026874062915,0.815063869686812
11,[H]C(CCCCC#C)=O,[H]C1=CC=C(C(CBr)=O)C=C1,CC(C=C1)=CC=C1C2=NC(C3=CC=C(C)C=C3)=NC(C4=CC=C(C)C=C4)=N2,N[C@H]([C@@H](NS(C)(=O)=O)C1=CC=CC=C1)C2=CC=CC=C2,[H]C([C@H](CCCC#C)CC(C1=CC=C([H])C=C1)=O)=O,0.09729772154823227,0.837447495971003
12,[H]C(CCCCC#C)=O,[H]C1=CC=C(C(CBr)=O)C=C1,COC(C=C1)=CC=C1C2=NC(C3=CC=C(OC)C=C3)=NC(C4=CC=C(OC)C=C4)=N2,N[C@H]([C@@H](NS(C)(=O)=O)C1=CC=CC=C1)C2=CC=CC=C2,[H]C([C@H](CCCC#C)CC(C1=CC=C([H])C=C1)=O)=O,0.1711726753860508,0.848988323619295
13,[H]C(CCCCC#C)=O,[H]C1=CC=C(C(CBr)=O)C=C1,CC1=CC2=C(C=C1C)N=C(C(N2C[C@@H](OC(CCC)=O)[C@@H](OC(CCC)=O)[C@@H](OC(CCC)=O)COC(CCC)=O)=N3)C(NC3=O)=O,N[C@H]([C@@H](NS(C)(=O)=O)C1=CC=CC=C1)C2=CC=CC=C2,[H]C([C@H](CCCC#C)CC(C1=CC=C([H])C=C1)=O)=O,0.06690961237724569,0.850886369568819
14,[H]C(CCCCC#C)=O,[H]C1=CC=C(C(CBr)=O)C=C1,FC1=CC(F)=C(C2=CC=C(C(F)(F)F)C=[N+]2[Ir-3]345([N+]6=CC=C(C(C)(C)C)C=C6C7=[N+]5C=CC(C(C)(C)C)=C7)[N+]8=CC(C(F)(F)F)=CC=C8C9=C(F)C=C(F)C=C94)C3=C1.F[P-](F)(F)(F)(F)F,NC(C=CC1=C2C=CC=C1)=C2C3=C(N)C=CC4=CC=CC=C43,[H]C([C@H](CCCC#C)CC(C1=CC=C([H])C=C1)=O)=O,0.1853084031131603,0.65850892620457
15,[H]C(CCCCC#C)=O,[H]C1=CC=C(C(CBr)=O)C=C1,C1(C2=CC=CC=[N+]23)=CC=CC=C1[Ir-3]435(C6=CC=CC=C6C7=CC=CC=[N+]75)[N+]8=CC=CC=C8C9=CC=CC=C94,NC(C=CC1=C2C=CC=C1)=C2C3=C(N)C=CC4=CC=CC=C43,[H]C([C@H](CCCC#C)CC(C1=CC=C([H])C=C1)=O)=O,0.005133422460085194,0.693320811795073
16,[H]C(CCCCC#C)=O,[H]C1=CC=C(C(CBr)=O)C=C1,F[P-](F)(F)(F)(F)F.C1(C2=CC=CC=[N+]23)=CC=CC=C1[Ir-3]435([N+]6=CC=CC=C6C7=CC=CC=[N+]75)[N+]8=CC=CC=C8C9=CC=CC=C94,NC(C=CC1=C2C=CC=C1)=C2C3=C(N)C=CC4=CC=CC=C43,[H]C([C@H](CCCC#C)CC(C1=CC=C([H])C=C1)=O)=O,0.21109083374425786,0.595565935471173
17,[H]C(CCCCC#C)=O,[H]C1=CC=C(C(CBr)=O)C=C1,FC1=CC(F)=C(C2=[N+]3C=CC=C2)C([Ir-3]435(C6=CC(F)=CC(F)=C6C7=[N+]5C=CC=C7)C8=CC(F)=CC(F)=C8C9=[N+]4C=CC=C9)=C1,NC(C=CC1=C2C=CC=C1)=C2C3=C(N)C=CC4=CC=CC=C43,[H]C([C@H](CCCC#C)CC(C1=CC=C([H])C=C1)=O)=O,0.3306225043492863,0.681359724581907
18,[H]C(CCCCC#C)=O,[H]C1=CC=C(C(CBr)=O)C=C1,C1(C2=CC=CC=[N+]23)=CC=CC=[N+]1[Ru-6]435([N+]6=CC=CC=C6C7=CC=CC=[N+]75)[N+]8=CC=CC=C8C9=CC=CC=[N+]94.[Cl-].[Cl-].O.O.O.O.O.O,NC(C=CC1=C2C=CC=C1)=C2C3=C(N)C=CC4=CC=CC=C43,[H]C([C@H](CCCC#C)CC(C1=CC=C([H])C=C1)=O)=O,0.24310715739639557,0.759626545090133
19,[H]C(CCCCC#C)=O,[H]C1=CC=C(C(CBr)=O)C=C1,F[P-](F)(F)(F)(F)F.F[P-](F)(F)(F)(F)F.C1(C2=CC=CC=[N+]23)=CC=CC=[N+]1[Ru-4]435([N+]6=CC=CC=C6C7=CC=CC=[N+]75)[N+]8=CC=CC=C8C9=CC=CC=[N+]94,NC(C=CC1=C2C=CC=C1)=C2C3=C(N)C=CC4=CC=CC=C43,[H]C([C@H](CCCC#C)CC(C1=CC=C([H])C=C1)=O)=O,0.15037834828253654,0.758569270722008
20,[H]C(CCCCC#C)=O,[H]C1=CC=C(C(CBr)=O)C=C1,C[N+]1=C2C=CC=CC2=C(C3=C(C)C=CC=C3C)C4=C1C=CC=C4.O=Cl(=O)([O-])=O,NC(C=CC1=C2C=CC=C1)=C2C3=C(N)C=CC4=CC=CC=C43,[H]C([C@H](CCCC#C)CC(C1=CC=C([H])C=C1)=O)=O,0.04982072584088115,0.731949986117914
21,[H]C(CCCCC#C)=O,[H]C1=CC=C(C(CBr)=O)C=C1,[O-]C1=C(Br)C(O2)=C(C=C1Br)C(C3=C(C([O-])=O)C=CC=C3)C(C=C4Br)C2=C(Br)C4=O.[Na+].[Na+],NC(C=CC1=C2C=CC=C1)=C2C3=C(N)C=CC4=CC=CC=C43,[H]C([C@H](CCCC#C)CC(C1=CC=C([H])C=C1)=O)=O,0.11332212266111001,0.743332885151668
22,[H]C(CCCCC#C)=O,[H]C1=CC=C(C(CBr)=O)C=C1,CC/[N+](CC)=C1C=CC2=C(C3=CC=CC=C3C(O)=O)C4=C(C=C(N(CC)CC)C=C4)OC2=C.[Cl-],NC(C=CC1=C2C=CC=C1)=C2C3=C(N)C=CC4=CC=CC=C43,[H]C([C@H](CCCC#C)CC(C1=CC=C([H])C=C1)=O)=O,0.06820140452514531,0.759622324153082
23,[H]C(CCCCC#C)=O,[H]C1=CC=C(C(CBr)=O)C=C1,CN(C1=CC2=[S+]C3=C(C=CC(N(C)C)=C3)N=C2C=C1)C.[Cl-],NC(C=CC1=C2C=CC=C1)=C2C3=C(N)C=CC4=CC=CC=C43,[H]C([C@H](CCCC#C)CC(C1=CC=C([H])C=C1)=O)=O,0.03904668113558607,0.705766897219328
24,[H]C(CCCCC#C)=O,[H]C1=CC=C(C(CBr)=O)C=C1,CC(C=C1)=CC=C1C2=NC(C3=CC=C(C)C=C3)=NC(C4=CC=C(C)C=C4)=N2,NC(C=CC1=C2C=CC=C1)=C2C3=C(N)C=CC4=CC=CC=C43,[H]C([C@H](CCCC#C)CC(C1=CC=C([H])C=C1)=O)=O,0.08644351939077426,0.749647572038623
25,[H]C(CCCCC#C)=O,[H]C1=CC=C(C(CBr)=O)C=C1,COC(C=C1)=CC=C1C2=NC(C3=CC=C(OC)C=C3)=NC(C4=CC=C(OC)C=C4)=N2,NC(C=CC1=C2C=CC=C1)=C2C3=C(N)C=CC4=CC=CC=C43,[H]C([C@H](CCCC#C)CC(C1=CC=C([H])C=C1)=O)=O,0.11433544515347549,0.766801189112489
26,[H]C(CCCCC#C)=O,[H]C1=CC=C(C(CBr)=O)C=C1,CC1=CC2=C(C=C1C)N=C(C(N2C[C@@H](OC(CCC)=O)[C@@H](OC(CCC)=O)[C@@H](OC(CCC)=O)COC(CCC)=O)=N3)C(NC3=O)=O,NC(C=CC1=C2C=CC=C1)=C2C3=C(N)C=CC4=CC=CC=C43,[H]C([C@H](CCCC#C)CC(C1=CC=C([H])C=C1)=O)=O,0.05275053699562094,0.733157109793892
27,[H]C(CCCCC#C)=O,[H]C1=CC=C(C(CBr)=O)C=C1,FC1=CC(F)=C(C2=CC=C(C(F)(F)F)C=[N+]2[Ir-3]345([N+]6=CC=C(C(C)(C)C)C=C6C7=[N+]5C=CC(C(C)(C)C)=C7)[N+]8=CC(C(F)(F)F)=CC=C8C9=C(F)C=C(F)C=C94)C3=C1.F[P-](F)(F)(F)(F)F,N[C@H]([C@@H](NS(=O)(C1=CC=C(C)C=C1)=O)C2=CC=CC=C2)C3=CC=CC=C3,[H]C([C@H](CCCC#C)CC(C1=CC=C([H])C=C1)=O)=O,0.004336796955485245,0.659395076763361
28,[H]C(CCCCC#C)=O,[H]C1=CC=C(C(CBr)=O)C=C1,C1(C2=CC=CC=[N+]23)=CC=CC=C1[Ir-3]435(C6=CC=CC=C6C7=CC=CC=[N+]75)[N+]8=CC=CC=C8C9=CC=CC=C94,N[C@H]([C@@H](NS(=O)(C1=CC=C(C)C=C1)=O)C2=CC=CC=C2)C3=CC=CC=C3,[H]C([C@H](CCCC#C)CC(C1=CC=C([H])C=C1)=O)=O,0.06710684230782361,0.675304406650623
29,[H]C(CCCCC#C)=O,[H]C1=CC=C(C(CBr)=O)C=C1,F[P-](F)(F)(F)(F)F.C1(C2=CC=CC=[N+]23)=CC=CC=C1[Ir-3]435([N+]6=CC=CC=C6C7=CC=CC=[N+]75)[N+]8=CC=CC=C8C9=CC=CC=C94,N[C@H]([C@@H](NS(=O)(C1=CC=C(C)C=C1)=O)C2=CC=CC=C2)C3=CC=CC=C3,[H]C([C@H](CCCC#C)CC(C1=CC=C([H])C=C1)=O)=O,0.0823365002049435,0.767958631604129
30,[H]C(CCCCC#C)=O,[H]C1=CC=C(C(CBr)=O)C=C1,FC1=CC(F)=C(C2=[N+]3C=CC=C2)C([Ir-3]435(C6=CC(F)=CC(F)=C6C7=[N+]5C=CC=C7)C8=CC(F)=CC(F)=C8C9=[N+]4C=CC=C9)=C1,N[C@H]([C@@H](NS(=O)(C1=CC=C(C)C=C1)=O)C2=CC=CC=C2)C3=CC=CC=C3,[H]C([C@H](CCCC#C)CC(C1=CC=C([H])C=C1)=O)=O,0.2702098136462183,0.817542605249345
31,[H]C(CCCCC#C)=O,[H]C1=CC=C(C(CBr)=O)C=C1,C1(C2=CC=CC=[N+]23)=CC=CC=[N+]1[Ru-6]435([N+]6=CC=CC=C6C7=CC=CC=[N+]75)[N+]8=CC=CC=C8C9=CC=CC=[N+]94.[Cl-].[Cl-].O.O.O.O.O.O,N[C@H]([C@@H](NS(=O)(C1=CC=C(C)C=C1)=O)C2=CC=CC=C2)C3=CC=CC=C3,[H]C([C@H](CCCC#C)CC(C1=CC=C([H])C=C1)=O)=O,0.11412902196488217,0.876214500086089
32,[H]C(CCCCC#C)=O,[H]C1=CC=C(C(CBr)=O)C=C1,F[P-](F)(F)(F)(F)F.F[P-](F)(F)(F)(F)F.C1(C2=CC=CC=[N+]23)=CC=CC=[N+]1[Ru-4]435([N+]6=CC=CC=C6C7=CC=CC=[N+]75)[N+]8=CC=CC=C8C9=CC=CC=[N+]94,N[C@H]([C@@H](NS(=O)(C1=CC=C(C)C=C1)=O)C2=CC=CC=C2)C3=CC=CC=C3,[H]C([C@H](CCCC#C)CC(C1=CC=C([H])C=C1)=O)=O,0.12097016699460543,0.873929738628752
33,[H]C(CCCCC#C)=O,[H]C1=CC=C(C(CBr)=O)C=C1,C[N+]1=C2C=CC=CC2=C(C3=C(C)C=CC=C3C)C4=C1C=CC=C4.O=Cl(=O)([O-])=O,N[C@H]([C@@H](NS(=O)(C1=CC=C(C)C=C1)=O)C2=CC=CC=C2)C3=CC=CC=C3,[H]C([C@H](CCCC#C)CC(C1=CC=C([H])C=C1)=O)=O,0.034917351545485115,0.85640054341406
34,[H]C(CCCCC#C)=O,[H]C1=CC=C(C(CBr)=O)C=C1,[O-]C1=C(Br)C(O2)=C(C=C1Br)C(C3=C(C([O-])=O)C=CC=C3)C(C=C4Br)C2=C(Br)C4=O.[Na+].[Na+],N[C@H]([C@@H](NS(=O)(C1=CC=C(C)C=C1)=O)C2=CC=CC=C2)C3=CC=CC=C3,[H]C([C@H](CCCC#C)CC(C1=CC=C([H])C=C1)=O)=O,0.06608218452313021,0.866585384465093
35,[H]C(CCCCC#C)=O,[H]C1=CC=C(C(CBr)=O)C=C1,CC/[N+](CC)=C1C=CC2=C(C3=CC=CC=C3C(O)=O)C4=C(C=C(N(CC)CC)C=C4)OC2=C.[Cl-],N[C@H]([C@@H](NS(=O)(C1=CC=C(C)C=C1)=O)C2=CC=CC=C2)C3=CC=CC=C3,[H]C([C@H](CCCC#C)CC(C1=CC=C([H])C=C1)=O)=O,0.07763051489093507,0.849940051156436
36,[H]C(CCCCC#C)=O,[H]C1=CC=C(C(CBr)=O)C=C1,CN(C1=CC2=[S+]C3=C(C=CC(N(C)C)=C3)N=C2C=C1)C.[Cl-],N[C@H]([C@@H](NS(=O)(C1=CC=C(C)C=C1)=O)C2=CC=CC=C2)C3=CC=CC=C3,[H]C([C@H](CCCC#C)CC(C1=CC=C([H])C=C1)=O)=O,0.014630444144927132,0.789824062553853
37,[H]C(CCCCC#C)=O,[H]C1=CC=C(C(CBr)=O)C=C1,CC(C=C1)=CC=C1C2=NC(C3=CC=C(C)C=C3)=NC(C4=CC=C(C)C=C4)=N2,N[C@H]([C@@H](NS(=O)(C1=CC=C(C)C=C1)=O)C2=CC=CC=C2)C3=CC=CC=C3,[H]C([C@H](CCCC#C)CC(C1=CC=C([H])C=C1)=O)=O,0.012575935397768976,0.779262582897221
38,[H]C(CCCCC#C)=O,[H]C1=CC=C(C(CBr)=O)C=C1,COC(C=C1)=CC=C1C2=NC(C3=CC=C(OC)C=C3)=NC(C4=CC=C(OC)C=C4)=N2,N[C@H]([C@@H](NS(=O)(C1=CC=C(C)C=C1)=O)C2=CC=CC=C2)C3=CC=CC=C3,[H]C([C@H](CCCC#C)CC(C1=CC=C([H])C=C1)=O)=O,0.02644664828471061,0.795647810040351
39,[H]C(CCCCC#C)=O,[H]C1=CC=C(C(CBr)=O)C=C1,CC1=CC2=C(C=C1C)N=C(C(N2C[C@@H](OC(CCC)=O)[C@@H](OC(CCC)=O)[C@@H](OC(CCC)=O)COC(CCC)=O)=N3)C(NC3=O)=O,N[C@H]([C@@H](NS(=O)(C1=CC=C(C)C=C1)=O)C2=CC=CC=C2)C3=CC=CC=C3,[H]C([C@H](CCCC#C)CC(C1=CC=C([H])C=C1)=O)=O,0.007813768870151274,0.735479940545537
40,[H]C(CCCCC#C)=O,[H]C1=CC=C(C(CBr)=O)C=C1,FC1=CC(F)=C(C2=CC=C(C(F)(F)F)C=[N+]2[Ir-3]345([N+]6=CC=C(C(C)(C)C)C=C6C7=[N+]5C=CC(C(C)(C)C)=C7)[N+]8=CC(C(F)(F)F)=CC=C8C9=C(F)C=C(F)C=C94)C3=C1.F[P-](F)(F)(F)(F)F,N[C@H]([C@@H](NS(=O)(C1=CC=C(C(C)(C)C)C=C1)=O)C2=CC=CC=C2)C3=CC=CC=C3,[H]C([C@H](CCCC#C)CC(C1=CC=C([H])C=C1)=O)=O,0.38078470543863635,0.786292906541045
41,[H]C(CCCCC#C)=O,[H]C1=CC=C(C(CBr)=O)C=C1,C1(C2=CC=CC=[N+]23)=CC=CC=C1[Ir-3]435(C6=CC=CC=C6C7=CC=CC=[N+]75)[N+]8=CC=CC=C8C9=CC=CC=C94,N[C@H]([C@@H](NS(=O)(C1=CC=C(C(C)(C)C)C=C1)=O)C2=CC=CC=C2)C3=CC=CC=C3,[H]C([C@H](CCCC#C)CC(C1=CC=C([H])C=C1)=O)=O,0.6557896040217533,0.818581281443395
42,[H]C(CCCCC#C)=O,[H]C1=CC=C(C(CBr)=O)C=C1,F[P-](F)(F)(F)(F)F.C1(C2=CC=CC=[N+]23)=CC=CC=C1[Ir-3]435([N+]6=CC=CC=C6C7=CC=CC=[N+]75)[N+]8=CC=CC=C8C9=CC=CC=C94,N[C@H]([C@@H](NS(=O)(C1=CC=C(C(C)(C)C)C=C1)=O)C2=CC=CC=C2)C3=CC=CC=C3,[H]C([C@H](CCCC#C)CC(C1=CC=C([H])C=C1)=O)=O,0.5435677389303125,0.812404274895803
43,[H]C(CCCCC#C)=O,[H]C1=CC=C(C(CBr)=O)C=C1,FC1=CC(F)=C(C2=[N+]3C=CC=C2)C([Ir-3]435(C6=CC(F)=CC(F)=C6C7=[N+]5C=CC=C7)C8=CC(F)=CC(F)=C8C9=[N+]4C=CC=C9)=C1,N[C@H]([C@@H](NS(=O)(C1=CC=C(C(C)(C)C)C=C1)=O)C2=CC=CC=C2)C3=CC=CC=C3,[H]C([C@H](CCCC#C)CC(C1=CC=C([H])C=C1)=O)=O,0.8407475741309892,0.84205918469801
44,[H]C(CCCCC#C)=O,[H]C1=CC=C(C(CBr)=O)C=C1,C1(C2=CC=CC=[N+]23)=CC=CC=[N+]1[Ru-6]435([N+]6=CC=CC=C6C7=CC=CC=[N+]75)[N+]8=CC=CC=C8C9=CC=CC=[N+]94.[Cl-].[Cl-].O.O.O.O.O.O,N[C@H]([C@@H](NS(=O)(C1=CC=C(C(C)(C)C)C=C1)=O)C2=CC=CC=C2)C3=CC=CC=C3,[H]C([C@H](CCCC#C)CC(C1=CC=C([H])C=C1)=O)=O,0.3191123756136302,0.857247309447336
45,[H]C(CCCCC#C)=O,[H]C1=CC=C(C(CBr)=O)C=C1,F[P-](F)(F)(F)(F)F.F[P-](F)(F)(F)(F)F.C1(C2=CC=CC=[N+]23)=CC=CC=[N+]1[Ru-4]435([N+]6=CC=CC=C6C7=CC=CC=[N+]75)[N+]8=CC=CC=C8C9=CC=CC=[N+]94,N[C@H]([C@@H](NS(=O)(C1=CC=C(C(C)(C)C)C=C1)=O)C2=CC=CC=C2)C3=CC=CC=C3,[H]C([C@H](CCCC#C)CC(C1=CC=C([H])C=C1)=O)=O,0.32830770120297564,0.856410903190796
46,[H]C(CCCCC#C)=O,[H]C1=CC=C(C(CBr)=O)C=C1,C[N+]1=C2C=CC=CC2=C(C3=C(C)C=CC=C3C)C4=C1C=CC=C4.O=Cl(=O)([O-])=O,N[C@H]([C@@H](NS(=O)(C1=CC=C(C(C)(C)C)C=C1)=O)C2=CC=CC=C2)C3=CC=CC=C3,[H]C([C@H](CCCC#C)CC(C1=CC=C([H])C=C1)=O)=O,0.08614819052257523,0.830759542864099
47,[H]C(CCCCC#C)=O,[H]C1=CC=C(C(CBr)=O)C=C1,[O-]C1=C(Br)C(O2)=C(C=C1Br)C(C3=C(C([O-])=O)C=CC=C3)C(C=C4Br)C2=C(Br)C4=O.[Na+].[Na+],N[C@H]([C@@H](NS(=O)(C1=CC=C(C(C)(C)C)C=C1)=O)C2=CC=CC=C2)C3=CC=CC=C3,[H]C([C@H](CCCC#C)CC(C1=CC=C([H])C=C1)=O)=O,0.1943196695989131,0.853104454660214
48,[H]C(CCCCC#C)=O,[H]C1=CC=C(C(CBr)=O)C=C1,CC/[N+](CC)=C1C=CC2=C(C3=CC=CC=C3C(O)=O)C4=C(C=C(N(CC)CC)C=C4)OC2=C.[Cl-],N[C@H]([C@@H](NS(=O)(C1=CC=C(C(C)(C)C)C=C1)=O)C2=CC=CC=C2)C3=CC=CC=C3,[H]C([C@H](CCCC#C)CC(C1=CC=C([H])C=C1)=O)=O,0.05256154792300032,0.85414508979717
49,[H]C(CCCCC#C)=O,[H]C1=CC=C(C(CBr)=O)C=C1,CN(C1=CC2=[S+]C3=C(C=CC(N(C)C)=C3)N=C2C=C1)C.[Cl-],N[C@H]([C@@H](NS(=O)(C1=CC=C(C(C)(C)C)C=C1)=O)C2=CC=CC=C2)C3=CC=CC=C3,[H]C([C@H](CCCC#C)CC(C1=CC=C([H])C=C1)=O)=O,0.07519810765381327,0.80810631668062
50,[H]C(CCCCC#C)=O,[H]C1=CC=C(C(CBr)=O)C=C1,CC(C=C1)=CC=C1C2=NC(C3=CC=C(C)C=C3)=NC(C4=CC=C(C)C=C4)=N2,N[C@H]([C@@H](NS(=O)(C1=CC=C(C(C)(C)C)C=C1)=O)C2=CC=CC=C2)C3=CC=CC=C3,[H]C([C@H](CCCC#C)CC(C1=CC=C([H])C=C1)=O)=O,0.16143784460160987,0.832919348630411
51,[H]C(CCCCC#C)=O,[H]C1=CC=C(C(CBr)=O)C=C1,COC(C=C1)=CC=C1C2=NC(C3=CC=C(OC)C=C3)=NC(C4=CC=C(OC)C=C4)=N2,N[C@H]([C@@H](NS(=O)(C1=CC=C(C(C)(C)C)C=C1)=O)C2=CC=CC=C2)C3=CC=CC=C3,[H]C([C@H](CCCC#C)CC(C1=CC=C([H])C=C1)=O)=O,0.17464820484753793,0.83841955340572
52,[H]C(CCCCC#C)=O,[H]C1=CC=C(C(CBr)=O)C=C1,CC1=CC2=C(C=C1C)N=C(C(N2C[C@@H](OC(CCC)=O)[C@@H](OC(CCC)=O)[C@@H](OC(CCC)=O)COC(CCC)=O)=N3)C(NC3=O)=O,N[C@H]([C@@H](NS(=O)(C1=CC=C(C(C)(C)C)C=C1)=O)C2=CC=CC=C2)C3=CC=CC=C3,[H]C([C@H](CCCC#C)CC(C1=CC=C([H])C=C1)=O)=O,0.04860542353910251,0.831526938068377
53,[H]C(CCCCC#C)=O,[H]C1=CC=C(C(CBr)=O)C=C1,FC1=CC(F)=C(C2=CC=C(C(F)(F)F)C=[N+]2[Ir-3]345([N+]6=CC=C(C(C)(C)C)C=C6C7=[N+]5C=CC(C(C)(C)C)=C7)[N+]8=CC(C(F)(F)F)=CC=C8C9=C(F)C=C(F)C=C94)C3=C1.F[P-](F)(F)(F)(F)F,N[C@H]([C@@H](NS(=O)(C1=C(C(C)C)C=C(C(C)C)C=C1C(C)C)=O)C2=CC=CC=C2)C3=CC=CC=C3,[H]C([C@H](CCCC#C)CC(C1=CC=C([H])C=C1)=O)=O,0.25013195632677754,0.657281521478822
54,[H]C(CCCCC#C)=O,[H]C1=CC=C(C(CBr)=O)C=C1,C1(C2=CC=CC=[N+]23)=CC=CC=C1[Ir-3]435(C6=CC=CC=C6C7=CC=CC=[N+]75)[N+]8=CC=CC=C8C9=CC=CC=C94,N[C@H]([C@@H](NS(=O)(C1=C(C(C)C)C=C(C(C)C)C=C1C(C)C)=O)C2=CC=CC=C2)C3=CC=CC=C3,[H]C([C@H](CCCC#C)CC(C1=CC=C([H])C=C1)=O)=O,0.33835226287613057,0.693394878971831
55,[H]C(CCCCC#C)=O,[H]C1=CC=C(C(CBr)=O)C=C1,F[P-](F)(F)(F)(F)F.C1(C2=CC=CC=[N+]23)=CC=CC=C1[Ir-3]435([N+]6=CC=CC=C6C7=CC=CC=[N+]75)[N+]8=CC=CC=C8C9=CC=CC=C94,N[C@H]([C@@H](NS(=O)(C1=C(C(C)C)C=C(C(C)C)C=C1C(C)C)=O)C2=CC=CC=C2)C3=CC=CC=C3,[H]C([C@H](CCCC#C)CC(C1=CC=C([H])C=C1)=O)=O,0.4743891373128238,0.668445142575659
56,[H]C(CCCCC#C)=O,[H]C1=CC=C(C(CBr)=O)C=C1,FC1=CC(F)=C(C2=[N+]3C=CC=C2)C([Ir-3]435(C6=CC(F)=CC(F)=C6C7=[N+]5C=CC=C7)C8=CC(F)=CC(F)=C8C9=[N+]4C=CC=C9)=C1,N[C@H]([C@@H](NS(=O)(C1=C(C(C)C)C=C(C(C)C)C=C1C(C)C)=O)C2=CC=CC=C2)C3=CC=CC=C3,[H]C([C@H](CCCC#C)CC(C1=CC=C([H])C=C1)=O)=O,0.5473210540509285,0.719970358105731
57,[H]C(CCCCC#C)=O,[H]C1=CC=C(C(CBr)=O)C=C1,C1(C2=CC=CC=[N+]23)=CC=CC=[N+]1[Ru-6]435([N+]6=CC=CC=C6C7=CC=CC=[N+]75)[N+]8=CC=CC=C8C9=CC=CC=[N+]94.[Cl-].[Cl-].O.O.O.O.O.O,N[C@H]([C@@H](NS(=O)(C1=C(C(C)C)C=C(C(C)C)C=C1C(C)C)=O)C2=CC=CC=C2)C3=CC=CC=C3,[H]C([C@H](CCCC#C)CC(C1=CC=C([H])C=C1)=O)=O,0.3658681741693467,0.797742043065394
58,[H]C(CCCCC#C)=O,[H]C1=CC=C(C(CBr)=O)C=C1,F[P-](F)(F)(F)(F)F.F[P-](F)(F)(F)(F)F.C1(C2=CC=CC=[N+]23)=CC=CC=[N+]1[Ru-4]435([N+]6=CC=CC=C6C7=CC=CC=[N+]75)[N+]8=CC=CC=C8C9=CC=CC=[N+]94,N[C@H]([C@@H](NS(=O)(C1=C(C(C)C)C=C(C(C)C)C=C1C(C)C)=O)C2=CC=CC=C2)C3=CC=CC=C3,[H]C([C@H](CCCC#C)CC(C1=CC=C([H])C=C1)=O)=O,0.2540406182866889,0.823801919265284
59,[H]C(CCCCC#C)=O,[H]C1=CC=C(C(CBr)=O)C=C1,C[N+]1=C2C=CC=CC2=C(C3=C(C)C=CC=C3C)C4=C1C=CC=C4.O=Cl(=O)([O-])=O,N[C@H]([C@@H](NS(=O)(C1=C(C(C)C)C=C(C(C)C)C=C1C(C)C)=O)C2=CC=CC=C2)C3=CC=CC=C3,[H]C([C@H](CCCC#C)CC(C1=CC=C([H])C=C1)=O)=O,0.0692147668451496,0.790757766071099
60,[H]C(CCCCC#C)=O,[H]C1=CC=C(C(CBr)=O)C=C1,[O-]C1=C(Br)C(O2)=C(C=C1Br)C(C3=C(C([O-])=O)C=CC=C3)C(C=C4Br)C2=C(Br)C4=O.[Na+].[Na+],N[C@H]([C@@H](NS(=O)(C1=C(C(C)C)C=C(C(C)C)C=C1C(C)C)=O)C2=CC=CC=C2)C3=CC=CC=C3,[H]C([C@H](CCCC#C)CC(C1=CC=C([H])C=C1)=O)=O,0.17818988109051503,0.854842529136681
61,[H]C(CCCCC#C)=O,[H]C1=CC=C(C(CBr)=O)C=C1,CC/[N+](CC)=C1C=CC2=C(C3=CC=CC=C3C(O)=O)C4=C(C=C(N(CC)CC)C=C4)OC2=C.[Cl-],N[C@H]([C@@H](NS(=O)(C1=C(C(C)C)C=C(C(C)C)C=C1C(C)C)=O)C2=CC=CC=C2)C3=CC=CC=C3,[H]C([C@H](CCCC#C)CC(C1=CC=C([H])C=C1)=O)=O,0.3413238497606917,0.820436325765972
62,[H]C(CCCCC#C)=O,[H]C1=CC=C(C(CBr)=O)C=C1,CN(C1=CC2=[S+]C3=C(C=CC(N(C)C)=C3)N=C2C=C1)C.[Cl-],N[C@H]([C@@H](NS(=O)(C1=C(C(C)C)C=C(C(C)C)C=C1C(C)C)=O)C2=CC=CC=C2)C3=CC=CC=C3,[H]C([C@H](CCCC#C)CC(C1=CC=C([H])C=C1)=O)=O,0.06905804335486106,0.769582213939642
63,[H]C(CCCCC#C)=O,[H]C1=CC=C(C(CBr)=O)C=C1,CC(C=C1)=CC=C1C2=NC(C3=CC=C(C)C=C3)=NC(C4=CC=C(C)C=C4)=N2,N[C@H]([C@@H](NS(=O)(C1=C(C(C)C)C=C(C(C)C)C=C1C(C)C)=O)C2=CC=CC=C2)C3=CC=CC=C3,[H]C([C@H](CCCC#C)CC(C1=CC=C([H])C=C1)=O)=O,0.08766293779244039,0.783663748563907
64,[H]C(CCCCC#C)=O,[H]C1=CC=C(C(CBr)=O)C=C1,COC(C=C1)=CC=C1C2=NC(C3=CC=C(OC)C=C3)=NC(C4=CC=C(OC)C=C4)=N2,N[C@H]([C@@H](NS(=O)(C1=C(C(C)C)C=C(C(C)C)C=C1C(C)C)=O)C2=CC=CC=C2)C3=CC=CC=C3,[H]C([C@H](CCCC#C)CC(C1=CC=C([H])C=C1)=O)=O,0.10840121528671703,0.798222683589187
65,[H]C(CCCCC#C)=O,[H]C1=CC=C(C(CBr)=O)C=C1,CC1=CC2=C(C=C1C)N=C(C(N2C[C@@H](OC(CCC)=O)[C@@H](OC(CCC)=O)[C@@H](OC(CCC)=O)COC(CCC)=O)=N3)C(NC3=O)=O,N[C@H]([C@@H](NS(=O)(C1=C(C(C)C)C=C(C(C)C)C=C1C(C)C)=O)C2=CC=CC=C2)C3=CC=CC=C3,[H]C([C@H](CCCC#C)CC(C1=CC=C([H])C=C1)=O)=O,0.0699861710645745,0.788916984606397
66,[H]C(CCCCC#C)=O,[H]C1=CC=C(C(CBr)=O)C=C1,FC1=CC(F)=C(C2=CC=C(C(F)(F)F)C=[N+]2[Ir-3]345([N+]6=CC=C(C(C)(C)C)C=C6C7=[N+]5C=CC(C(C)(C)C)=C7)[N+]8=CC(C(F)(F)F)=CC=C8C9=C(F)C=C(F)C=C94)C3=C1.F[P-](F)(F)(F)(F)F,N[C@H]([C@@H](NS(=O)(C1=CC(C(F)(F)F)=CC(C(F)(F)F)=C1)=O)C2=CC=CC=C2)C3=CC=CC=C3,[H]C([C@H](CCCC#C)CC(C1=CC=C([H])C=C1)=O)=O,0.06636125678815565,0.604062139730344
67,[H]C(CCCCC#C)=O,[H]C1=CC=C(C(CBr)=O)C=C1,C1(C2=CC=CC=[N+]23)=CC=CC=C1[Ir-3]435(C6=CC=CC=C6C7=CC=CC=[N+]75)[N+]8=CC=CC=C8C9=CC=CC=C94,N[C@H]([C@@H](NS(=O)(C1=CC(C(F)(F)F)=CC(C(F)(F)F)=C1)=O)C2=CC=CC=C2)C3=CC=CC=C3,[H]C([C@H](CCCC#C)CC(C1=CC=C([H])C=C1)=O)=O,0.05408727896299011,0.559898442687777
68,[H]C(CCCCC#C)=O,[H]C1=CC=C(C(CBr)=O)C=C1,F[P-](F)(F)(F)(F)F.C1(C2=CC=CC=[N+]23)=CC=CC=C1[Ir-3]435([N+]6=CC=CC=C6C7=CC=CC=[N+]75)[N+]8=CC=CC=C8C9=CC=CC=C94,N[C@H]([C@@H](NS(=O)(C1=CC(C(F)(F)F)=CC(C(F)(F)F)=C1)=O)C2=CC=CC=C2)C3=CC=CC=C3,[H]C([C@H](CCCC#C)CC(C1=CC=C([H])C=C1)=O)=O,0.08313186161492088,0.676953692853397
69,[H]C(CCCCC#C)=O,[H]C1=CC=C(C(CBr)=O)C=C1,FC1=CC(F)=C(C2=[N+]3C=CC=C2)C([Ir-3]435(C6=CC(F)=CC(F)=C6C7=[N+]5C=CC=C7)C8=CC(F)=CC(F)=C8C9=[N+]4C=CC=C9)=C1,N[C@H]([C@@H](NS(=O)(C1=CC(C(F)(F)F)=CC(C(F)(F)F)=C1)=O)C2=CC=CC=C2)C3=CC=CC=C3,[H]C([C@H](CCCC#C)CC(C1=CC=C([H])C=C1)=O)=O,0.12559747021072276,0.704107993201921
70,[H]C(CCCCC#C)=O,[H]C1=CC=C(C(CBr)=O)C=C1,C1(C2=CC=CC=[N+]23)=CC=CC=[N+]1[Ru-6]435([N+]6=CC=CC=C6C7=CC=CC=[N+]75)[N+]8=CC=CC=C8C9=CC=CC=[N+]94.[Cl-].[Cl-].O.O.O.O.O.O,N[C@H]([C@@H](NS(=O)(C1=CC(C(F)(F)F)=CC(C(F)(F)F)=C1)=O)C2=CC=CC=C2)C3=CC=CC=C3,[H]C([C@H](CCCC#C)CC(C1=CC=C([H])C=C1)=O)=O,0.05241070853343439,0.81121076228739
71,[H]C(CCCCC#C)=O,[H]C1=CC=C(C(CBr)=O)C=C1,F[P-](F)(F)(F)(F)F.F[P-](F)(F)(F)(F)F.C1(C2=CC=CC=[N+]23)=CC=CC=[N+]1[Ru-4]435([N+]6=CC=CC=C6C7=CC=CC=[N+]75)[N+]8=CC=CC=C8C9=CC=CC=[N+]94,N[C@H]([C@@H](NS(=O)(C1=CC(C(F)(F)F)=CC(C(F)(F)F)=C1)=O)C2=CC=CC=C2)C3=CC=CC=C3,[H]C([C@H](CCCC#C)CC(C1=CC=C([H])C=C1)=O)=O,0.054834587460944995,0.74639468111549
72,[H]C(CCCCC#C)=O,[H]C1=CC=C(C(CBr)=O)C=C1,C[N+]1=C2C=CC=CC2=C(C3=C(C)C=CC=C3C)C4=C1C=CC=C4.O=Cl(=O)([O-])=O,N[C@H]([C@@H](NS(=O)(C1=CC(C(F)(F)F)=CC(C(F)(F)F)=C1)=O)C2=CC=CC=C2)C3=CC=CC=C3,[H]C([C@H](CCCC#C)CC(C1=CC=C([H])C=C1)=O)=O,0.030586307086350812,0.640612440369087
73,[H]C(CCCCC#C)=O,[H]C1=CC=C(C(CBr)=O)C=C1,[O-]C1=C(Br)C(O2)=C(C=C1Br)C(C3=C(C([O-])=O)C=CC=C3)C(C=C4Br)C2=C(Br)C4=O.[Na+].[Na+],N[C@H]([C@@H](NS(=O)(C1=CC(C(F)(F)F)=CC(C(F)(F)F)=C1)=O)C2=CC=CC=C2)C3=CC=CC=C3,[H]C([C@H](CCCC#C)CC(C1=CC=C([H])C=C1)=O)=O,0.055123781141133366,0.704950328028676
74,[H]C(CCCCC#C)=O,[H]C1=CC=C(C(CBr)=O)C=C1,CC/[N+](CC)=C1C=CC2=C(C3=CC=CC=C3C(O)=O)C4=C(C=C(N(CC)CC)C=C4)OC2=C.[Cl-],N[C@H]([C@@H](NS(=O)(C1=CC(C(F)(F)F)=CC(C(F)(F)F)=C1)=O)C2=CC=CC=C2)C3=CC=CC=C3,[H]C([C@H](CCCC#C)CC(C1=CC=C([H])C=C1)=O)=O,0.05332916159019398,0.727943782007407
75,[H]C(CCCCC#C)=O,[H]C1=CC=C(C(CBr)=O)C=C1,CN(C1=CC2=[S+]C3=C(C=CC(N(C)C)=C3)N=C2C=C1)C.[Cl-],N[C@H]([C@@H](NS(=O)(C1=CC(C(F)(F)F)=CC(C(F)(F)F)=C1)=O)C2=CC=CC=C2)C3=CC=CC=C3,[H]C([C@H](CCCC#C)CC(C1=CC=C([H])C=C1)=O)=O,0.010985131364063814,0.605596727165817
76,[H]C(CCCCC#C)=O,[H]C1=CC=C(C(CBr)=O)C=C1,CC(C=C1)=CC=C1C2=NC(C3=CC=C(C)C=C3)=NC(C4=CC=C(C)C=C4)=N2,N[C@H]([C@@H](NS(=O)(C1=CC(C(F)(F)F)=CC(C(F)(F)F)=C1)=O)C2=CC=CC=C2)C3=CC=CC=C3,[H]C([C@H](CCCC#C)CC(C1=CC=C([H])C=C1)=O)=O,0.016515117450451363,0.649440003338475
77,[H]C(CCCCC#C)=O,[H]C1=CC=C(C(CBr)=O)C=C1,COC(C=C1)=CC=C1C2=NC(C3=CC=C(OC)C=C3)=NC(C4=CC=C(OC)C=C4)=N2,N[C@H]([C@@H](NS(=O)(C1=CC(C(F)(F)F)=CC(C(F)(F)F)=C1)=O)C2=CC=CC=C2)C3=CC=CC=C3,[H]C([C@H](CCCC#C)CC(C1=CC=C([H])C=C1)=O)=O,0.046895167585309906,0.692512681020815
78,[H]C(CCCCC#C)=O,[H]C1=CC=C(C(CBr)=O)C=C1,CC1=CC2=C(C=C1C)N=C(C(N2C[C@@H](OC(CCC)=O)[C@@H](OC(CCC)=O)[C@@H](OC(CCC)=O)COC(CCC)=O)=N3)C(NC3=O)=O,N[C@H]([C@@H](NS(=O)(C1=CC(C(F)(F)F)=CC(C(F)(F)F)=C1)=O)C2=CC=CC=C2)C3=CC=CC=C3,[H]C([C@H](CCCC#C)CC(C1=CC=C([H])C=C1)=O)=O,0.03010685331237337,0.648315900988816
79,[H]C(CCCCC#C)=O,[H]C1=CC=C(C(CBr)=O)C=C1,FC1=CC(F)=C(C2=CC=C(C(F)(F)F)C=[N+]2[Ir-3]345([N+]6=CC=C(C(C)(C)C)C=C6C7=[N+]5C=CC(C(C)(C)C)=C7)[N+]8=CC(C(F)(F)F)=CC=C8C9=C(F)C=C(F)C=C94)C3=C1.F[P-](F)(F)(F)(F)F,N[C@H]([C@@H](NS(=O)(C1=CC(C=CC=C2)=C2C=C1)=O)C3=CC=CC=C3)C4=CC=CC=C4,[H]C([C@H](CCCC#C)CC(C1=CC=C([H])C=C1)=O)=O,0.3136116020613158,0.808947068862862
80,[H]C(CCCCC#C)=O,[H]C1=CC=C(C(CBr)=O)C=C1,C1(C2=CC=CC=[N+]23)=CC=CC=C1[Ir-3]435(C6=CC=CC=C6C7=CC=CC=[N+]75)[N+]8=CC=CC=C8C9=CC=CC=C94,N[C@H]([C@@H](NS(=O)(C1=CC(C=CC=C2)=C2C=C1)=O)C3=CC=CC=C3)C4=CC=CC=C4,[H]C([C@H](CCCC#C)CC(C1=CC=C([H])C=C1)=O)=O,0.3162624760186748,0.825643038984304
81,[H]C(CCCCC#C)=O,[H]C1=CC=C(C(CBr)=O)C=C1,F[P-](F)(F)(F)(F)F.C1(C2=CC=CC=[N+]23)=CC=CC=C1[Ir-3]435([N+]6=CC=CC=C6C7=CC=CC=[N+]75)[N+]8=CC=CC=C8C9=CC=CC=C94,N[C@H]([C@@H](NS(=O)(C1=CC(C=CC=C2)=C2C=C1)=O)C3=CC=CC=C3)C4=CC=CC=C4,[H]C([C@H](CCCC#C)CC(C1=CC=C([H])C=C1)=O)=O,0.5371706668782265,0.872855340818867
82,[H]C(CCCCC#C)=O,[H]C1=CC=C(C(CBr)=O)C=C1,FC1=CC(F)=C(C2=[N+]3C=CC=C2)C([Ir-3]435(C6=CC(F)=CC(F)=C6C7=[N+]5C=CC=C7)C8=CC(F)=CC(F)=C8C9=[N+]4C=CC=C9)=C1,N[C@H]([C@@H](NS(=O)(C1=CC(C=CC=C2)=C2C=C1)=O)C3=CC=CC=C3)C4=CC=CC=C4,[H]C([C@H](CCCC#C)CC(C1=CC=C([H])C=C1)=O)=O,1.0,0.872744338949207
83,[H]C(CCCCC#C)=O,[H]C1=CC=C(C(CBr)=O)C=C1,C1(C2=CC=CC=[N+]23)=CC=CC=[N+]1[Ru-6]435([N+]6=CC=CC=C6C7=CC=CC=[N+]75)[N+]8=CC=CC=C8C9=CC=CC=[N+]94.[Cl-].[Cl-].O.O.O.O.O.O,N[C@H]([C@@H](NS(=O)(C1=CC(C=CC=C2)=C2C=C1)=O)C3=CC=CC=C3)C4=CC=CC=C4,[H]C([C@H](CCCC#C)CC(C1=CC=C([H])C=C1)=O)=O,0.16119383797508735,0.861858791163684
84,[H]C(CCCCC#C)=O,[H]C1=CC=C(C(CBr)=O)C=C1,F[P-](F)(F)(F)(F)F.F[P-](F)(F)(F)(F)F.C1(C2=CC=CC=[N+]23)=CC=CC=[N+]1[Ru-4]435([N+]6=CC=CC=C6C7=CC=CC=[N+]75)[N+]8=CC=CC=C8C9=CC=CC=[N+]94,N[C@H]([C@@H](NS(=O)(C1=CC(C=CC=C2)=C2C=C1)=O)C3=CC=CC=C3)C4=CC=CC=C4,[H]C([C@H](CCCC#C)CC(C1=CC=C([H])C=C1)=O)=O,0.14584649460024232,0.864484963614161
85,[H]C(CCCCC#C)=O,[H]C1=CC=C(C(CBr)=O)C=C1,C[N+]1=C2C=CC=CC2=C(C3=C(C)C=CC=C3C)C4=C1C=CC=C4.O=Cl(=O)([O-])=O,N[C@H]([C@@H](NS(=O)(C1=CC(C=CC=C2)=C2C=C1)=O)C3=CC=CC=C3)C4=CC=CC=C4,[H]C([C@H](CCCC#C)CC(C1=CC=C([H])C=C1)=O)=O,0.047092381931159596,0.814614691763891
86,[H]C(CCCCC#C)=O,[H]C1=CC=C(C(CBr)=O)C=C1,[O-]C1=C(Br)C(O2)=C(C=C1Br)C(C3=C(C([O-])=O)C=CC=C3)C(C=C4Br)C2=C(Br)C4=O.[Na+].[Na+],N[C@H]([C@@H](NS(=O)(C1=CC(C=CC=C2)=C2C=C1)=O)C3=CC=CC=C3)C4=CC=CC=C4,[H]C([C@H](CCCC#C)CC(C1=CC=C([H])C=C1)=O)=O,0.11858268706567907,0.852231350969437
87,[H]C(CCCCC#C)=O,[H]C1=CC=C(C(CBr)=O)C=C1,CC/[N+](CC)=C1C=CC2=C(C3=CC=CC=C3C(O)=O)C4=C(C=C(N(CC)CC)C=C4)OC2=C.[Cl-],N[C@H]([C@@H](NS(=O)(C1=CC(C=CC=C2)=C2C=C1)=O)C3=CC=CC=C3)C4=CC=CC=C4,[H]C([C@H](CCCC#C)CC(C1=CC=C([H])C=C1)=O)=O,0.10618637605050484,0.801733137151691
88,[H]C(CCCCC#C)=O,[H]C1=CC=C(C(CBr)=O)C=C1,CN(C1=CC2=[S+]C3=C(C=CC(N(C)C)=C3)N=C2C=C1)C.[Cl-],N[C@H]([C@@H](NS(=O)(C1=CC(C=CC=C2)=C2C=C1)=O)C3=CC=CC=C3)C4=CC=CC=C4,[H]C([C@H](CCCC#C)CC(C1=CC=C([H])C=C1)=O)=O,0.048242592018058056,0.773938821239606
89,[H]C(CCCCC#C)=O,[H]C1=CC=C(C(CBr)=O)C=C1,CC(C=C1)=CC=C1C2=NC(C3=CC=C(C)C=C3)=NC(C4=CC=C(C)C=C4)=N2,N[C@H]([C@@H](NS(=O)(C1=CC(C=CC=C2)=C2C=C1)=O)C3=CC=CC=C3)C4=CC=CC=C4,[H]C([C@H](CCCC#C)CC(C1=CC=C([H])C=C1)=O)=O,0.0615350214428111,0.836915893347102
90,[H]C(CCCCC#C)=O,[H]C1=CC=C(C(CBr)=O)C=C1,COC(C=C1)=CC=C1C2=NC(C3=CC=C(OC)C=C3)=NC(C4=CC=C(OC)C=C4)=N2,N[C@H]([C@@H](NS(=O)(C1=CC(C=CC=C2)=C2C=C1)=O)C3=CC=CC=C3)C4=CC=CC=C4,[H]C([C@H](CCCC#C)CC(C1=CC=C([H])C=C1)=O)=O,0.0699689066489758,0.839884752434111
91,[H]C(CCCCC#C)=O,[H]C1=CC=C(C(CBr)=O)C=C1,CC1=CC2=C(C=C1C)N=C(C(N2C[C@@H](OC(CCC)=O)[C@@H](OC(CCC)=O)[C@@H](OC(CCC)=O)COC(CCC)=O)=N3)C(NC3=O)=O,N[C@H]([C@@H](NS(=O)(C1=CC(C=CC=C2)=C2C=C1)=O)C3=CC=CC=C3)C4=CC=CC=C4,[H]C([C@H](CCCC#C)CC(C1=CC=C([H])C=C1)=O)=O,0.03867231518401975,0.783663805197142
92,[H]C(CCCCC#C)=O,[H]C1=CC=C(C(CBr)=O)C=C1,FC1=CC(F)=C(C2=CC=C(C(F)(F)F)C=[N+]2[Ir-3]345([N+]6=CC=C(C(C)(C)C)C=C6C7=[N+]5C=CC(C(C)(C)C)=C7)[N+]8=CC(C(F)(F)F)=CC=C8C9=C(F)C=C(F)C=C94)C3=C1.F[P-](F)(F)(F)(F)F,N[C@H]([C@@H](NS(=O)(C1=CC=C(C)C=C1)=O)C2=CC=C(OC)C=C2)C3=CC=C(OC)C=C3,[H]C([C@H](CCCC#C)CC(C1=CC=C([H])C=C1)=O)=O,0.526002411667427,0.825940973280383
93,[H]C(CCCCC#C)=O,[H]C1=CC=C(C(CBr)=O)C=C1,C1(C2=CC=CC=[N+]23)=CC=CC=C1[Ir-3]435(C6=CC=CC=C6C7=CC=CC=[N+]75)[N+]8=CC=CC=C8C9=CC=CC=C94,N[C@H]([C@@H](NS(=O)(C1=CC=C(C)C=C1)=O)C2=CC=C(OC)C=C2)C3=CC=C(OC)C=C3,[H]C([C@H](CCCC#C)CC(C1=CC=C([H])C=C1)=O)=O,0.34900627919955757,0.835724985411969
94,[H]C(CCCCC#C)=O,[H]C1=CC=C(C(CBr)=O)C=C1,F[P-](F)(F)(F)(F)F.C1(C2=CC=CC=[N+]23)=CC=CC=C1[Ir-3]435([N+]6=CC=CC=C6C7=CC=CC=[N+]75)[N+]8=CC=CC=C8C9=CC=CC=C94,N[C@H]([C@@H](NS(=O)(C1=CC=C(C)C=C1)=O)C2=CC=C(OC)C=C2)C3=CC=C(OC)C=C3,[H]C([C@H](CCCC#C)CC(C1=CC=C([H])C=C1)=O)=O,0.421347578028903,0.824565752209267
95,[H]C(CCCCC#C)=O,[H]C1=CC=C(C(CBr)=O)C=C1,FC1=CC(F)=C(C2=[N+]3C=CC=C2)C([Ir-3]435(C6=CC(F)=CC(F)=C6C7=[N+]5C=CC=C7)C8=CC(F)=CC(F)=C8C9=[N+]4C=CC=C9)=C1,N[C@H]([C@@H](NS(=O)(C1=CC=C(C)C=C1)=O)C2=CC=C(OC)C=C2)C3=CC=C(OC)C=C3,[H]C([C@H](CCCC#C)CC(C1=CC=C([H])C=C1)=O)=O,0.4341050183664723,0.84182594403343
96,[H]C(CCCCC#C)=O,[H]C1=CC=C(C(CBr)=O)C=C1,C1(C2=CC=CC=[N+]23)=CC=CC=[N+]1[Ru-6]435([N+]6=CC=CC=C6C7=CC=CC=[N+]75)[N+]8=CC=CC=C8C9=CC=CC=[N+]94.[Cl-].[Cl-].O.O.O.O.O.O,N[C@H]([C@@H](NS(=O)(C1=CC=C(C)C=C1)=O)C2=CC=C(OC)C=C2)C3=CC=C(OC)C=C3,[H]C([C@H](CCCC#C)CC(C1=CC=C([H])C=C1)=O)=O,0.21547852349557522,0.828405640085026
97,[H]C(CCCCC#C)=O,[H]C1=CC=C(C(CBr)=O)C=C1,F[P-](F)(F)(F)(F)F.F[P-](F)(F)(F)(F)F.C1(C2=CC=CC=[N+]23)=CC=CC=[N+]1[Ru-4]435([N+]6=CC=CC=C6C7=CC=CC=[N+]75)[N+]8=CC=CC=C8C9=CC=CC=[N+]94,N[C@H]([C@@H](NS(=O)(C1=CC=C(C)C=C1)=O)C2=CC=C(OC)C=C2)C3=CC=C(OC)C=C3,[H]C([C@H](CCCC#C)CC(C1=CC=C([H])C=C1)=O)=O,0.24573770713651455,0.83817239011308
98,[H]C(CCCCC#C)=O,[H]C1=CC=C(C(CBr)=O)C=C1,C[N+]1=C2C=CC=CC2=C(C3=C(C)C=CC=C3C)C4=C1C=CC=C4.O=Cl(=O)([O-])=O,N[C@H]([C@@H](NS(=O)(C1=CC=C(C)C=C1)=O)C2=CC=C(OC)C=C2)C3=CC=C(OC)C=C3,[H]C([C@H](CCCC#C)CC(C1=CC=C([H])C=C1)=O)=O,0.04877479663379913,0.754471918792568
99,[H]C(CCCCC#C)=O,[H]C1=CC=C(C(CBr)=O)C=C1,[O-]C1=C(Br)C(O2)=C(C=C1Br)C(C3=C(C([O-])=O)C=CC=C3)C(C=C4Br)C2=C(Br)C4=O.[Na+].[Na+],N[C@H]([C@@H](NS(=O)(C1=CC=C(C)C=C1)=O)C2=CC=C(OC)C=C2)C3=CC=C(OC)C=C3,[H]C([C@H](CCCC#C)CC(C1=CC=C([H])C=C1)=O)=O,0.15861469013192236,0.763534427869315
100,[H]C(CCCCC#C)=O,[H]C1=CC=C(C(CBr)=O)C=C1,CC/[N+](CC)=C1C=CC2=C(C3=CC=CC=C3C(O)=O)C4=C(C=C(N(CC)CC)C=C4)OC2=C.[Cl-],N[C@H]([C@@H](NS(=O)(C1=CC=C(C)C=C1)=O)C2=CC=C(OC)C=C2)C3=CC=C(OC)C=C3,[H]C([C@H](CCCC#C)CC(C1=CC=C([H])C=C1)=O)=O,0.08772092163961419,0.682369843974324
101,[H]C(CCCCC#C)=O,[H]C1=CC=C(C(CBr)=O)C=C1,CN(C1=CC2=[S+]C3=C(C=CC(N(C)C)=C3)N=C2C=C1)C.[Cl-],N[C@H]([C@@H](NS(=O)(C1=CC=C(C)C=C1)=O)C2=CC=C(OC)C=C2)C3=CC=C(OC)C=C3,[H]C([C@H](CCCC#C)CC(C1=CC=C([H])C=C1)=O)=O,0.1105505830796623,0.682889928916502
102,[H]C(CCCCC#C)=O,[H]C1=CC=C(C(CBr)=O)C=C1,CC(C=C1)=CC=C1C2=NC(C3=CC=C(C)C=C3)=NC(C4=CC=C(C)C=C4)=N2,N[C@H]([C@@H](NS(=O)(C1=CC=C(C)C=C1)=O)C2=CC=C(OC)C=C2)C3=CC=C(OC)C=C3,[H]C([C@H](CCCC#C)CC(C1=CC=C([H])C=C1)=O)=O,0.17753333631809737,0.71695198108101
103,[H]C(CCCCC#C)=O,[H]C1=CC=C(C(CBr)=O)C=C1,COC(C=C1)=CC=C1C2=NC(C3=CC=C(OC)C=C3)=NC(C4=CC=C(OC)C=C4)=N2,N[C@H]([C@@H](NS(=O)(C1=CC=C(C)C=C1)=O)C2=CC=C(OC)C=C2)C3=CC=C(OC)C=C3,[H]C([C@H](CCCC#C)CC(C1=CC=C([H])C=C1)=O)=O,0.17428605905453531,0.710617280908607
104,[H]C(CCCCC#C)=O,[H]C1=CC=C(C(CBr)=O)C=C1,CC1=CC2=C(C=C1C)N=C(C(N2C[C@@H](OC(CCC)=O)[C@@H](OC(CCC)=O)[C@@H](OC(CCC)=O)COC(CCC)=O)=N3)C(NC3=O)=O,N[C@H]([C@@H](NS(=O)(C1=CC=C(C)C=C1)=O)C2=CC=C(OC)C=C2)C3=CC=C(OC)C=C3,[H]C([C@H](CCCC#C)CC(C1=CC=C([H])C=C1)=O)=O,0.10465947961917124,0.695527224956695
