round_id,batch_id,amine_smiles_ion,amine_smiles_anion,cobalt_smiles,oxidant_smiles,alkali_smiles,solvent_smiles,yield,ee
1,0,CC(C)(C)[C@H](N)C[NH2+]C(c1ccccc1)c1ccccc1,O=S(=O)([O-])C(F)(F)F,Co-4,O=S(=O)([O-])OO,CC(=O)O,ClC(Cl)Cl,0,0
1,0,CC(C)(C)[C@H](N)C[NH2+]C(c1ccc(Br)cc1)c1ccc(Br)cc1,O=S(=O)([O-])C(F)(F)F,Co-4,[Ag+],O=C(O)c1ccccc1,CC#N,0,0
1,0,CC(C)(C)[C@@H](N)C[NH+]1CCSCC1,O=S(=O)([O-])C(F)(F)F,Co-8,O=Ic1ccccc1,O=C([O][Na])[O][Na],CCOCC,1,22
1,0,CC(C)(C)[C@@H](N)C[NH+]1CCSCC1,O=S(=O)([O-])C(F)(F)F,Co-4,O=S(=O)([O-])OO,O=C(O)[O][K],CC#N,0,0
1,0,CC(C)(C)[C@H](N)C[NH+]1CCCCC1,O=S(=O)([O-])C(F)(F)F,Mn-1,O=C1CCC(=O)N1Cl,CC(=O)O,ClCCl,13,65
1,0,CC(C)(C)[C@H](N)C[NH+]1CCCCC1,O=S(=O)([O-])C(F)(F)F,Co-10,O=C1CCC(=O)N1Cl,O=C([O][Na])[O][Na],ClC(Cl)Cl,5,87
1,0,CC(C)(C)[C@H](N)C[NH+]1CCCCC1,O=S(=O)([O-])C(F)(F)F,Co-4,O=C1c2ccccc2C(=O)N1Cl,O=C(O)[O][K],ClCCl,27,85
1,0,CC(C)(C)[C@H](N)C[NH+]1CCCCC1,O=S(=O)([O-])C(F)(F)F,Co-4,O=C1CCC(=O)N1Cl,O=C(O)[O][K],ClCCl,58,83
1,1,CC(C)(C)[C@H](N)C[NH+]1CCCCC1,O=S(=O)([O-])C(F)(F)F,Co-7,O=C1CCC(=O)N1Cl,C1CCC2=NCCCN2CC1,Cc1ccccc1,4,11
1,1,COCC[NH+](CCOC)C[C@@H](N)C(C)(C)C,O=S(=O)([O-])C(F)(F)F,Co-12,F[n+]1ccccc1,O=C(O)c1ccccc1,ClCCl,8,34
1,1,CC(C)(C)[C@H](N)C[NH+]1CC(F)(F)C1,O=S(=O)([O-])C(F)(F)F,Co-2,[Ag+],O=P([O][K])([O][K])[O][K],ClCCl,4,57
1,1,CC(C)(C)[C@H](N)C[NH+]1CC(F)(F)C1,O=S(=O)([O-])C(F)(F)F,Co-9,O=C1OI(O)c2ccccc21,C1CN2CCN1CC2,ClCCl,0,0
1,1,C[NH+](C[C@@H](N)C(C)(C)C)c1ccncc1,O=S(=O)([O-])C(F)(F)F,Co-4,O=C(O)c1ccccc1I(=O)=O,O=C(O)[O][K],ClC(Cl)Cl,0,0
1,2,C[NH+](C)C[C@@H](N)C12C[C@H]3C[C@@H](C1)C[C@@H](C2)C3,O=S(=O)([O-])C(F)(F)F,Co-5,O=S(=O)([O-])OOS(=O)(=O)[O-],O=C(O)[O][Na],ClCCl,0,0
1,2,N[C@@H]1CCCC[C@H]1[NH+](Cc1ccccc1)Cc1ccccc1,O=S(=O)([N-]S(=O)(=O)C(F)(F)F)C(F)(F)F,Co-1,[Ce+4],C1CN2CCN1CC2,CS(C)=O,0,0
1,2,CC(C)(C)[C@H](N)C[NH+]1CCC(Cl)CC1,O=S(=O)([O-])C(F)(F)F,Co-4,[Ag+],O=P([O][K])([O][K])[O][K],ClCCl,11,56
1,2,CC(C)(C)[C@H](N)C[NH+]1CCCCC1,O=S(=O)([O-])C(F)(F)F,Co-4,O=C1CCC(=O)N1Cl,O=P([O][K])([O][K])[O][K],ClCCl,5,40
1,2,CC(C)(C)[C@H](N)C[NH2+]C(c1ccc(Cl)cc1)c1ccc(Cl)cc1,O=S(=O)([O-])C(F)(F)F,Co-4,Cc1cc(C)[n+](F)c(C)c1,O=C([O][Na])[O][Na],ClCCl,0,0
1,3,CC(C)(C)[C@H](N)C[NH+]1CCC(Cl)CC1,O=S(=O)([O-])C(F)(F)F,Mn-2,O=S(=O)([O-])OO,C1CCC2=NCCCN2CC1,ClCCl,1,0
1,3,CC(C)(C)[C@H](N)C[NH+]1CCCCC1,O=S(=O)([O-])C(F)(F)F,Co-12,O=C1c2ccccc2C(=O)N1Cl,O=P([O][K])([O][K])[O][K],ClCCl,0,0
1,3,CC(C)(C)[C@H](N)C[NH2+]C(c1cc(F)cc(F)c1)c1cc(F)cc(F)c1,O=S(=O)([O-])C(F)(F)F,Co-12,Cc1cc(C)[n+](F)c(C)c1,C1CCC2=NCCCN2CC1,CN(C)C=O,0,0
1,3,CC(C)(C)[C@H](N)C[NH+]1CCCCC1,O=S(=O)([O-])C(F)(F)F,Co-10,O=C1CCC(=O)N1Cl,O=C(O)[O][K],CC#N,2,12
1,3,CC(C)(C)[C@H](N)C[NH+]1CCCCC1,O=S(=O)([O-])C(F)(F)F,Co-9,O=C1CCC(=O)N1Cl,O=C(O)[O][K],OC(C(F)(F)F)C(F)(F)F,0,0
1,4,CC(C)(C)[C@H](N)C[NH+]1CCCCC1,O=S(=O)([O-])C(F)(F)F,Co-7,F[n+]1ccccc1,O=C(O)[O][K],OC(C(F)(F)F)C(F)(F)F,0,0
1,4,CC(C)[C@H](N)C[NH2+]C(c1ccc(F)cc1)c1ccc(F)cc1,O=S(=O)([O-])C(F)(F)F,Mn-1,[Ag+],O=P([O][K])([O][K])[O][K],Cc1ccccc1,0,0
1,4,CC(C)(C)[NH2+]C[C@@H](N)C(C)(C)C,CC(=O)[O-],Mn-1,O=C1CCC(=O)N1Cl,O=P([O][K])([O][K])[O][K],ClC(Cl)Cl,0,0
1,4,C[NH+](C[C@@H](N)C(C)(C)C)c1ccncc1,O=S(=O)([O-])C(F)(F)F,Co-9,O=C1CCC(=O)N1Cl,O=P([O][K])([O][K])[O][K],Cc1ccccc1,0,0
1,4,CC(C)(C)[C@H](N)C[NH+]1CCCCC1,O=S(=O)([O-])C(F)(F)F,Co-4,O=C1c2ccccc2S(=O)(=O)N1Cl,O=C(O)[O][K],ClCCl,5,72
1,5,CC(C)(C)[C@H](N)C[NH+]1CCCCC1,O=S(=O)([O-])C(F)(F)F,Co-4,CC1(C)C(=O)N(Cl)C(=O)N1Cl,O=C(O)[O][K],ClCCl,2,82
1,5,CC(C)(C)[C@H](N)C[NH+]1CCCCC1,O=S(=O)([O-])C(F)(F)F,Co-4,O=c1n(Cl)c(=O)n(Cl)c(=O)n1Cl,O=C(O)[O][K],ClCCl,0,0
1,5,CC(C)(C)[NH2+]C[C@@H](N)C(C)(C)C,O=C([O-])C(F)(F)F,Co-3,O=C1CCC(=O)N1Cl,O=C(O)[O][K],ClCCl,11,88
1,5,CC(C)(C)[NH2+]C[C@@H](N)C(C)(C)C,O=C([O-])C(F)(F)F,Co-3,COC(=O)NC(=NCl)NC(=O)OC,O=C(O)[O][K],ClCCl,0,0
1,5,N[C@H](C[NH+]1CCOCC1)c1ccccc1,O=S(=O)([O-])C(F)(F)F,Co-1,Cc1cc(C)[n+](F)c(C)c1,O=C(O)[O][K],ClCCl,0,0
1,6,CC(C)(C)[C@H](N)C[NH+]1CCC(F)(F)C1,O=S(=O)([O-])C(F)(F)F,Mn-1,O=C1OI(O)c2ccccc21,O=C(O)[O][K],ClCCl,0,0
1,6,CC(C)(C)[C@H](N)C[NH+]1CCC(F)(F)C1,O=S(=O)([O-])C(F)(F)F,Co-9,O=S(=O)([O-])OOS(=O)(=O)[O-],O=C(O)[O][K],ClCCl,0,0
1,6,CC(C)(C)[C@H](N)C[NH2+]C(c1ccccc1)c1ccccc1,O=S(=O)([O-])C(F)(F)F,Co-11,F[N+]12CC[N+](CCl)(CC1)CC2,O=C(O)[O][K],ClCCl,0,0
1,6,[NH3+][C@@H]1CCCC[C@H]1NC(=O)C(F)(F)F,O=S(=O)([O-])C(F)(F)F,Mn-1,O=C1CCC(=O)N1Cl,O=C(O)[O][K],ClCCl,64,26
1,6,[NH3+][C@@H]1CCCC[C@H]1NC(=O)C(F)(F)F,O=S(=O)([O-])C(F)(F)F,Co-10,F[n+]1ccccc1,O=C(O)[O][K],ClCCl,0,0
1,7,CC(C)(C)[C@H](N)C[NH+]1CCCCC1,O=S(=O)([O-])C(F)(F)F,Co-7,F[n+]1ccccc1,O=C(O)[O][K],OC(C(F)(F)F)C(F)(F)F,0,0
1,7,CC(C)(C)[C@H](N)C[NH+]1CCOCC1,O=S(=O)([O-])C(F)(F)F,Co-5,O=C1CCC(=O)N1Cl,O=C(O)[O][K],ClCCl,33,75
1,7,CC(C)(C)[C@H](N)C[NH+]1CCCCC1,O=S(=O)([O-])C(F)(F)F,Co-11,O=C1CCC(=O)N1Cl,O=C(O)[O][K],ClCCl,27,89
1,7,CC(C)(C)[C@H](N)C[NH+]1CCCCC1,O=S(=O)([O-])C(F)(F)F,Mn-2,O=C1CCC(=O)N1Cl,O=C(O)[O][K],ClCCl,24,86
1,7,CC(C)(C)[C@H](N)C[NH2+]C(c1cc(F)cc(F)c1)c1cc(F)cc(F)c1,O=S(=O)([O-])C(F)(F)F,Co-11,O=C1CCC(=O)N1Cl,O=C(O)[O][K],ClCCl,0,0
1,8,CC(C)(C)[NH2+]C[C@@H](N)C(C)(C)C,O=S(=O)([N-]S(=O)(=O)C(F)(F)F)C(F)(F)F,Co-7,O=C1c2ccccc2C(=O)N1Cl,O=C([O][Na])[O][Na],C1CCOC1,0,0
1,8,C[NH+](C)C[C@@H](N)C(C)(C)C,O=S(=O)([O-])C(F)(F)F,Co-3,O=C1CCC(=O)N1Cl,O=C(O)[O][K],ClCCl,11,84
1,8,CC(C)(C)[C@H](N)C[NH+]1CCCCC1,O=S(=O)([O-])C(F)(F)F,Co-4,Cc1cc(C)[n+](F)c(C)c1,O=C(O)[O][K],ClCCl,0,0
1,8,CC(C)(C)[C@H](N)C[NH+]1CCC(F)(F)C1,O=S(=O)([O-])C(F)(F)F,Co-1,F[N+]12CC[N+](CCl)(CC1)CC2,O=C([O][Na])[O][Na],CCOCC,14,0
1,8,CC(C)(C)[C@H](N)C[NH+]1CCC(F)(F)C1,O=S(=O)([O-])C(F)(F)F,Mn-2,F[N+]12CC[N+](CCl)(CC1)CC2,O=C([O][Na])[O][Na],ClCCl,0,0
1,9,CC(C)(C)[C@H](N)C[NH+]1CC(F)(F)C1,O=S(=O)([O-])C(F)(F)F,Co-1,F[N+]12CC[N+](CCl)(CC1)CC2,O=C([O][Na])[O][Na],ClC(Cl)Cl,0,0
1,9,CC(C)(C)[NH2+]C[C@@H](N)C(C)(C)C,O=C([O-])C(F)(F)F,Mn-1,O=S(=O)([O-])OO,O=C(O)[O][K],ClCCCl,0,0
1,9,CC(C)(C)[NH2+]C[C@@H](N)C(C)(C)C,O=C([O-])C(F)(F)F,Mn-1,O=C1c2ccccc2C(=O)N1Cl,O=C(O)[O][K],ClCCCl,24,86
1,9,CC(C)(C)[NH2+]C[C@@H](N)C(C)(C)C,O=C([O-])C(F)(F)F,Mn-2,O=C1OI(O)c2ccccc21,O=C(O)[O][Na],ClCCCl,0,0
1,9,C[C@H]1COCC[NH+]1C[C@@H](N)C(C)(C)C,O=S(=O)([O-])C(F)(F)F,Co-5,F[n+]1ccccc1,O=C(O)[O][K],CN(C)C=O,0,0
1,10,CC(C)(C)[C@H](N)C[NH+]1CCOCC1,O=S(=O)([O-])C(F)(F)F,Co-5,F[n+]1ccccc1,O=C(O)[O][K],CS(C)=O,0,0
1,10,CC(C)(C)[NH2+]C[C@@H](N)C(C)(C)C,O=C([O-])C(F)(F)F,Mn-1,O=C(O)c1ccccc1I(=O)=O,O=C(O)[O][Na],ClC(Cl)Cl,0,0
1,10,CC(C)(C)[C@H](N)C[NH+]1CCCCC1,O=S(=O)([O-])C(F)(F)F,Co-11,O=C1CCC(=O)N1Cl,O=P(O)(O)[O][K],ClC(Cl)Cl,0,0
1,10,C[NH+](C)C[C@@H](N)C(C)(C)C,O=S(=O)([O-])C(F)(F)F,Co-1,F[N+]12CC[N+](CCl)(CC1)CC2,O=C(O)[O][Na],ClC(Cl)Cl,12,55
1,10,C[NH+](C)C[C@@H](N)C(C)(C)C,O=S(=O)([O-])C(F)(F)F,Co-3,O=C1c2ccccc2C(=O)N1Cl,O=C(O)[O][K],ClC(Cl)Cl,4,76
1,11,CC(C)(C)[NH2+]C[C@@H](N)C(C)(C)C,O=S(=O)([N-]S(=O)(=O)C(F)(F)F)C(F)(F)F,Co-2,O=C1CCC(=O)N1Cl,O=C(O)[O][K],ClCCCl,45,84
1,11,CC(C)(C)[C@H](N)C[NH+]1CCOC1,O=S(=O)([N-]S(=O)(=O)C(F)(F)F)C(F)(F)F,Co-6,O=C1CCC(=O)N1Cl,O=C(O)[O][K],CC#N,2,19
1,11,CC(C)(C)[C@H](N)C[NH+]1CCOC1,O=S(=O)([N-]S(=O)(=O)C(F)(F)F)C(F)(F)F,Co-1,O=C1CCC(=O)N1Cl,O=C(O)[O][K],ClCCl,53,80
1,11,CC(C)(C)[NH2+]C[C@@H](N)C(C)(C)C,O=S(=O)([N-]S(=O)(=O)C(F)(F)F)C(F)(F)F,Co-4,O=C1CCC(=O)N1Cl,O=C(O)[O][Na],ClCCl,48,87
1,11,CC(C)(C)[NH2+]C[C@@H](N)C(C)(C)C,O=S(=O)([N-]S(=O)(=O)C(F)(F)F)C(F)(F)F,Co-4,O=C1CCC(=O)N1Cl,O=C(O)[O][K],ClCCl,57,90
1,12,CC(C)(C)[NH2+]C[C@@H](N)C(C)(C)C,O=S(=O)([O-])C(F)(F)F,Co-9,Cc1cc(C)[n+](F)c(C)c1,O=C([O][Na])[O][Na],ClC(Cl)Cl,8,84
1,12,CC(C)(C)[C@H](N)C[NH+]1CCOCC1,O=S(=O)([O-])C(F)(F)F,Co-9,Cc1cc(C)[n+](F)c(C)c1,O=C([O][Na])[O][Na],ClC(Cl)Cl,2,15
1,12,CC(C)(C)[NH2+]C[C@@H](N)C(C)(C)C,CC(=O)[O-],Co-3,O=C1CCC(=O)N1Cl,O=C(O)[O][Na],ClCCl,16,82
1,12,CC(C)(C)[NH2+]C[C@@H](N)C(C)(C)C,CC(=O)[O-],Co-2,O=C1CCC(=O)N1Cl,O=C(O)[O][K],ClC(Cl)Cl,0,0
1,12,CC(C)(C)[NH2+]C[C@@H](N)C(C)(C)C,CC(=O)[O-],Co-6,O=C1CCC(=O)N1Cl,O=C(O)[O][K],ClCCl,0,0
1,13,C[n+]1ccn(C[C@@H]([NH3+])C(C)(C)C)c1,O=S(=O)([O-])C(F)(F)F,Co-5,O=C1CCC(=O)N1Cl,O=C(O)[O][Na],ClCCCl,10,78
1,13,C[n+]1ccn(C[C@@H]([NH3+])C(C)(C)C)c1,O=S(=O)([O-])C(F)(F)F,Co-2,O=C1CCC(=O)N1Cl,O=C(O)[O][K],ClCCCl,5,20
1,13,C[n+]1ccn(C[C@@H]([NH3+])C(C)(C)C)c1,O=S(=O)([O-])C(F)(F)F,Co-4,O=C1c2ccccc2C(=O)N1Cl,O=C(O)[O][K],ClCCl,0,0
1,13,C[n+]1ccn(C[C@@H]([NH3+])C(C)(C)C)c1,O=S(=O)([O-])C(F)(F)F,Mn-2,Cc1cc(C)[n+](F)c(C)c1,CN(C)c1ccncc1,ClCCl,0,0
1,13,C[n+]1ccn(C[C@@H]([NH3+])C(C)(C)C)c1,O=S(=O)([O-])C(F)(F)F,Co-1,O=C1c2ccccc2C(=O)N1Cl,CN(C)c1ccncc1,ClCCl,6,29
1,14,[NH3+][C@@H]1CCCC[C@H]1NC(=O)C(F)(F)F,O=S(=O)([O-])C(F)(F)F,Co-8,O=C1CCC(=O)N1Cl,c1ccncc1,ClCCCl,17,-13
1,14,[NH3+][C@@H]1CCCC[C@H]1NC(=O)C(F)(F)F,O=S(=O)([O-])C(F)(F)F,Co-5,O=C1CCC(=O)N1Cl,O=C(O)[O][K],ClCCl,43,-25
1,14,[NH3+][C@@H]1CCCC[C@H]1NC(=O)C(F)(F)F,O=S(=O)([O-])C(F)(F)F,Co-5,O=C1CCC(=O)N1Cl,O=C(O)[O][Na],ClCCCl,59,83
1,14,[NH3+][C@@H]1CCCC[C@H]1NC(=O)C(F)(F)F,O=S(=O)([O-])C(F)(F)F,Co-5,O=C1CCC(=O)N1Cl,O=C(O)c1ccccc1,ClCCCl,8,-9
1,14,CC(C)(C)[NH2+]C[C@@H](N)C(C)(C)C,O=S(=O)([N-]S(=O)(=O)C(F)(F)F)C(F)(F)F,Co-2,O=C1CCC(=O)N1Cl,c1ccncc1,ClCCl,28,85
1,15,CC(C)(C)[NH2+]C[C@@H](N)C(C)(C)C,O=S(=O)([O-])C(F)(F)F,Co-4,O=C1CCC(=O)N1Cl,O=C(O)[O][Na],ClCCCl,46,90
1,15,CC(C)(C)[NH2+]C[C@@H](N)C(C)(C)C,O=S(=O)([N-]S(=O)(=O)C(F)(F)F)C(F)(F)F,Co-9,F[n+]1ccccc1,O=C(O)[O][Na],ClCCl,48,83
1,15,N[C@@H]1CCCC[C@H]1[NH+](Cc1ccccc1)Cc1ccccc1,O=S(=O)([N-]S(=O)(=O)C(F)(F)F)C(F)(F)F,Co-1,O=C1CCC(=O)N1Cl,O=C([O][Na])[O][Na],ClC(Cl)Cl,10,22
1,15,CC(C)(C)[NH2+]C[C@@H](N)C(C)(C)C,O=S(=O)([O-])C(F)(F)F,Co-9,O=C1CCC(=O)N1Cl,O=C(O)[O][K],ClCCCl,43,87
1,15,CC(C)(C)[NH2+]C[C@@H](N)C(C)(C)C,O=S(=O)([O-])C(F)(F)F,Co-9,O=C1CCC(=O)N1Cl,O=C(O)[O][Na],ClCCCl,54,88
2,0,CC(C)(C)[C@H](N)C[NH+]1CCOCC1,O=S(=O)([O-])C(F)(F)F,Co-3,Cc1cc(C)[n+](F)c(C)c1,blanck_cell,ClCCl,25,62
2,0,C[C@@H]1C[NH+](C[C@@H](N)C(C)(C)C)C[C@H](C)O1,O=S(=O)([N-]S(=O)(=O)C(F)(F)F)C(F)(F)F,Co-3,Cc1cc(C)[n+](F)c(C)c1,blanck_cell,ClCCl,21,50
2,0,CC(C)(C)[C@H](N)C[NH+]1CCOCC1,O=S(=O)([O-])C(F)(F)F,Co-3,F[n+]1ccccc1,blanck_cell,ClCCl,10,42
2,0,CC(C)(C)[C@H](N)C[NH+]1CCOCC1,O=S(=O)([O-])C(F)(F)F,Co-3,F[N+]12CC[N+](CCl)(CC1)CC2,blanck_cell,ClCCl,9,53
2,0,CC(C)(C)[C@H](N)C[NH+]1CCC(F)(F)CC1,O=S(=O)([O-])C(F)(F)F,Co-3,Cc1cc(C)[n+](F)c(C)c1,blanck_cell,ClCCl,29,63
2,0,C[C@@H]1C[NH+](C[C@@H](N)C(C)(C)C)C[C@H](C)O1,O=S(=O)([O-])C(F)(F)F,Co-3,Cc1cc(C)[n+](F)c(C)c1,blanck_cell,ClCCl,25,61
2,0,CC(C)(C)[C@H](N)C[NH+]1CCCCC1,O=S(=O)([O-])C(F)(F)F,Co-3,Cc1cc(C)[n+](F)c(C)c1,blanck_cell,ClCCl,25,54
2,0,CC(C)(C)[C@H](N)C[NH+]1CC(F)(F)C1,O=S(=O)([O-])C(F)(F)F,Co-3,Cc1cc(C)[n+](F)c(C)c1,blanck_cell,ClCCl,29,45
2,0,CC(C)(C)[C@H](N)C[NH+]1CCCCC1,O=S(=O)([N-]S(=O)(=O)C(F)(F)F)C(F)(F)F,Co-3,Cc1cc(C)[n+](F)c(C)c1,blanck_cell,ClCCl,58,50
2,0,C[NH+](C)C[C@@H](N)C12C[C@H]3C[C@@H](C1)C[C@@H](C2)C3,O=S(=O)([O-])C(F)(F)F,Co-3,Cc1cc(C)[n+](F)c(C)c1,blanck_cell,ClCCl,46,48
2,0,CC(C)(C)[C@H](N)C[NH+]1CCCCCC1,O=S(=O)([O-])C(F)(F)F,Co-3,Cc1cc(C)[n+](F)c(C)c1,blanck_cell,ClCCl,35,50
2,0,CC(C)(C)[NH2+]C[C@@H](N)C(C)(C)C,O=S(=O)([O-])C(F)(F)F,Co-3,Cc1cc(C)[n+](F)c(C)c1,blanck_cell,ClCCl,53,73
2,0,CC(C)(C)[NH2+]C[C@@H](N)C(C)(C)C,O=S(=O)([O-])C(F)(F)F,Co-4,Cc1cc(C)[n+](F)c(C)c1,blanck_cell,ClCCl,29,72
2,0,CC(C)(C)[NH2+]C[C@@H](N)C(C)(C)C,O=S(=O)([O-])C(F)(F)F,Co-1,Cc1cc(C)[n+](F)c(C)c1,blanck_cell,ClCCl,56,74
2,0,CC(C)(C)[C@H](N)C[NH2+]C(c1ccc(Br)cc1)c1ccc(Br)cc1,O=S(=O)([O-])C(F)(F)F,Co-3,Cc1cc(C)[n+](F)c(C)c1,blanck_cell,ClCCl,28,62
2,0,N[C@@H](Cc1ccccc1)C[NH+]1CCOCC1,O=S(=O)([O-])C(F)(F)F,Co-3,Cc1cc(C)[n+](F)c(C)c1,blanck_cell,ClCCl,42,67
2,0,N[C@H](C[NH+]1CCOCC1)c1ccccc1,O=S(=O)([O-])C(F)(F)F,Co-3,Cc1cc(C)[n+](F)c(C)c1,blanck_cell,ClCCl,53,15
2,0,COCC[NH+](CCOC)C[C@@H](N)C(C)(C)C,O=S(=O)([O-])C(F)(F)F,Co-3,Cc1cc(C)[n+](F)c(C)c1,blanck_cell,ClCCl,58,19
2,0,CC(C)(C)[NH2+]C[C@@H](N)C(C)(C)C,O=S(=O)([O-])C(F)(F)F,Co-3,Cc1cc(C)[n+](F)c(C)c1,O=C(O)[O][Na],ClCCl,63,77
2,0,CC(C)(C)[NH2+]C[C@@H](N)C(C)(C)C,O=S(=O)([O-])C(F)(F)F,Co-3,Cc1cc(C)[n+](F)c(C)c1,blanck_cell,Cc1ccccc1,53,40
2,0,CC(C)(C)[NH2+]C[C@@H](N)C(C)(C)C,O=S(=O)([O-])C(F)(F)F,Co-3,Cc1cc(C)[n+](F)c(C)c1,blanck_cell,ClC(Cl)Cl,17,60
2,0,CC(C)(C)[NH2+]C[C@@H](N)C(C)(C)C,O=S(=O)([O-])C(F)(F)F,Co-3,Cc1cc(C)[n+](F)c(C)c1,blanck_cell,CCOCC,30,12
2,0,CC(C)(C)[NH2+]C[C@@H](N)C(C)(C)C,O=S(=O)([O-])C(F)(F)F,Co-3,Cc1cc(C)[n+](F)c(C)c1,blanck_cell,C1CCOC1,48,12
2,0,CC(C)(C)[NH2+]C[C@@H](N)C(C)(C)C,O=S(=O)([O-])C(F)(F)F,Co-3,Cc1cc(C)[n+](F)c(C)c1,blanck_cell,ClCCCl,48,75
2,0,CC(C)(C)[NH2+]C[C@@H](N)C(C)(C)C,O=S(=O)([O-])C(F)(F)F,Co-3,Cc1cc(C)[n+](F)c(C)c1,O=C([O][Na])[O][Na],ClCCl,65,73
2,0,CC(C)(C)[NH2+]C[C@@H](N)C(C)(C)C,O=S(=O)([O-])C(F)(F)F,Co-3,Cc1cc(C)[n+](F)c(C)c1,O=P([O][K])([O][K])[O][K],ClCCl,56,73
2,0,CC(C)(C)[NH2+]C[C@@H](N)C(C)(C)C,O=C([O-])C(F)(F)F,Co-3,Cc1cc(C)[n+](F)c(C)c1,blanck_cell,ClCCl,49,80
2,0,CC(C)(C)[NH2+]C[C@@H](N)C(C)(C)C,O=S(=O)([O-])C(F)(F)F,Co-3,Cc1cc(C)[n+](F)c(C)c1,blanck_cell,CC#N,35,13
2,0,CC(C)(C)[NH2+]C[C@@H](N)C(C)(C)C,O=C([O-])C(F)(F)F,Co-3,Cc1cc(C)[n+](F)c(C)c1,O=C(O)[O][Na],ClCCl,65,82
2,0,CC(C)(C)[NH2+]C[C@@H](N)C(C)(C)C,O=C([O-])C(F)(F)F,Co-3,Cc1cc(C)[n+](F)c(C)c1,O=P(O)(O)[O][K],ClCCl,60,77
2,0,CC(C)(C)[NH2+]C[C@@H](N)C(C)(C)C,O=S(=O)([N-]S(=O)(=O)C(F)(F)F)C(F)(F)F,Co-3,Cc1cc(C)[n+](F)c(C)c1,O=P(O)(O)[O][K],ClCCl,60,79
2,0,CC(C)(C)[NH2+]C[C@@H](N)C(C)(C)C,O=C([O-])C(F)(F)F,Co-3,Cc1cc(C)[n+](F)c(C)c1,O=C([O][Cs])[O][Cs],ClCCl,63,80
2,0,CC(C)(C)[NH2+]C[C@@H](N)C(C)(C)C,O=C([O-])C(F)(F)F,Co-2,Cc1cc(C)[n+](F)c(C)c1,O=C(O)[O][K],ClCCl,56,84
2,0,CC(C)(C)[NH2+]C[C@@H](N)C(C)(C)C,O=C([O-])C(F)(F)F,Co-1,Cc1cc(C)[n+](F)c(C)c1,O=C(O)[O][K],ClCCl,49,83
2,0,CC(C)(C)[C@H](N)C[NH2+]C12C[C@H]3C[C@@H](C1)C[C@@H](C2)C3,O=S(=O)([O-])C(F)(F)F,Co-3,Cc1cc(C)[n+](F)c(C)c1,O=C(O)[O][K],ClCCl,73,75
2,0,CC(C)(C)[C@H](N)C[NH2+]C(c1ccccc1)c1ccccc1,O=S(=O)([O-])C(F)(F)F,Co-3,Cc1cc(C)[n+](F)c(C)c1,O=C(O)[O][K],ClCCl,49,66
2,0,CC(C)(C)[NH2+]C[C@@H](N)C(C)(C)C,O=C([O-])C(F)(F)F,Co-3,Cc1cc(C)[n+](F)c(C)c1,O=C(O)[O][K],ClCCl,50,88
2,0,CC(C)(C)[C@H](N)C[NH2+]C12C[C@H]3C[C@@H](C1)C[C@@H](C2)C3,O=S(=O)([O-])C(F)(F)F,Co-3,O=C1CCC(=O)N1Cl,O=C(O)[O][K],ClCCl,40,81
2,0,CC(C)(C)[NH2+]C[C@@H](N)C(C)(C)C,O=C([O-])C(F)(F)F,Co-3,O=C1CCC(=O)N1Cl,O=C(O)[O][K],ClCCl,45,75
2,0,CC(C)(C)[C@H](N)C[NH2+]C12C[C@H]3C[C@@H](C1)C[C@@H](C2)C3,O=S(=O)([O-])C(F)(F)F,Co-3,O=C1c2ccccc2C(=O)N1Cl,O=C(O)[O][K],ClCCl,40,80
2,0,CC(C)(C)[C@H](N)C[NH+]1CCOCC1,O=C([O-])C(F)(F)F,Co-3,Cc1cc(C)[n+](F)c(C)c1,O=C(O)[O][K],ClCCl,35,80
2,0,C[C@@H]1C[NH+](C[C@@H](N)C(C)(C)C)C[C@H](C)O1,O=S(=O)([O-])C(F)(F)F,Co-3,Cc1cc(C)[n+](F)c(C)c1,O=C(O)[O][K],ClCCl,22,60
2,0,CC(C)(C)[C@H](N)C[NH+]1CCCCC1,O=S(=O)([O-])C(F)(F)F,Co-3,Cc1cc(C)[n+](F)c(C)c1,O=C(O)[O][K],ClCCl,25,63
2,0,CC(C)(C)[C@H](N)C[NH+]1CCC(F)(F)CC1,O=S(=O)([O-])C(F)(F)F,Co-3,Cc1cc(C)[n+](F)c(C)c1,O=C(O)[O][K],ClCCl,14,50
2,0,N[C@@H](Cc1ccccc1)C[NH+]1CCOCC1,O=S(=O)([O-])C(F)(F)F,Co-3,Cc1cc(C)[n+](F)c(C)c1,O=C(O)[O][K],ClCCl,28,65
2,1,CC(C)(C)[C@H](N)C[NH2+]C12C[C@H]3C[C@@H](C1)C[C@@H](C2)C3,O=C([O-])C(F)(F)F,Co-3,Cc1cc(C)[n+](F)c(C)c1,O=C(O)[O][K],ClCCl,54,88
2,1,CC(C)(C)[C@H](N)C[NH2+]C12C[C@H]3C[C@@H](C1)C[C@@H](C2)C3,O=C([O-])C(F)(F)F,Co-2,Cc1cc(C)[n+](F)c(C)c1,O=C([O][Na])[O][Na],ClCCl,43,87
2,1,CC(C)(C)[C@H](N)C[NH2+]C12C[C@H]3C[C@@H](C1)C[C@@H](C2)C3,O=S(=O)([O-])C(F)(F)F,Co-1,Cc1cc(C)[n+](F)c(C)c1,O=C(O)[O][K],ClCCCl,50,87
2,1,CC(C)(C)[NH2+]C[C@@H](N)C(C)(C)C,O=C([O-])C(F)(F)F,Co-3,F[N+]12CC[N+](CCl)(CC1)CC2,O=C(O)[O][K],ClCCCl,28,82
2,1,CC(C)(C)[C@H](N)C[NH2+]C12C[C@H]3C[C@@H](C1)C[C@@H](C2)C3,O=C([O-])C(F)(F)F,Co-3,Cc1cc(C)[n+](F)c(C)c1,O=C([O][Na])[O][Na],ClCCCl,53,88
2,2,CC(C)(C)[C@H](N)C[NH2+]C12C[C@H]3C[C@@H](C1)C[C@@H](C2)C3,O=C([O-])C(F)(F)F,Co-1,Cc1cc(C)[n+](F)c(C)c1,O=C(O)[O][K],ClCCCl,45,87
2,2,CC(C)(C)[C@H](N)C[NH2+]C12C[C@H]3C[C@@H](C1)C[C@@H](C2)C3,O=S(=O)([O-])C(F)(F)F,Co-1,Cc1cc(C)[n+](F)c(C)c1,O=C([O][Na])[O][Na],ClCCl,31,86
2,2,CC(C)(C)[C@H](N)C[NH2+]C12C[C@H]3C[C@@H](C1)C[C@@H](C2)C3,O=S(=O)([O-])C(F)(F)F,Co-1,Cc1cc(C)[n+](F)c(C)c1,O=P(O)(O)[O][K],ClCCl,27,84
2,2,CC(C)(C)[C@H](N)C[NH2+]C12C[C@H]3C[C@@H](C1)C[C@@H](C2)C3,O=S(=O)([O-])C(F)(F)F,Co-2,Cc1cc(C)[n+](F)c(C)c1,O=C(O)[O][K],ClCCCl,56,85
2,2,CC(C)(C)[C@H](N)C[NH2+]C12C[C@H]3C[C@@H](C1)C[C@@H](C2)C3,O=C([O-])C(F)(F)F,Co-4,Cc1cc(C)[n+](F)c(C)c1,O=C(O)[O][K],ClCCCl,20,86
2,3,CC(C)(C)[C@H](N)C[NH2+]C12C[C@H]3C[C@@H](C1)C[C@@H](C2)C3,O=S(=O)([O-])C(F)(F)F,Co-3,Cc1cc(C)[n+](F)c(C)c1,O=C(O)[O][K],ClCCCl,57,88
2,3,CC(C)(C)[C@H](N)C[NH2+]C12C[C@H]3C[C@@H](C1)C[C@@H](C2)C3,O=C([O-])C(F)(F)F,Co-2,O=C1c2ccccc2C(=O)N1Cl,O=C(O)[O][K],ClCCCl,35,88
2,3,CC(C)(C)[C@H](N)C[NH2+]C12C[C@H]3C[C@@H](C1)C[C@@H](C2)C3,O=S(=O)([O-])C(F)(F)F,Co-1,O=C1CCC(=O)N1Cl,O=C(O)[O][K],ClCCCl,31,73
2,3,CC(C)(C)[NH2+]C[C@@H](N)C(C)(C)C,O=S(=O)([O-])C(F)(F)F,Co-1,Cc1cc(C)[n+](F)c(C)c1,O=C(O)[O][K],ClCCCl,55,84
2,3,CC(C)(C)[C@H](N)C[NH2+]C12C[C@H]3C[C@@H](C1)C[C@@H](C2)C3,O=S(=O)([O-])C(F)(F)F,Co-1,Cc1cc(C)[n+](F)c(C)c1,O=P([O][K])([O][K])[O][K],ClCCCl,46,86
3,0,CC(C)(C)[C@H](N)C[NH+]1CCS(=O)(=O)CC1,O=S(=O)([O-])C(F)(F)F,Co-10,F[N+]12CC[N+](CCl)(CC1)CC2,C1CCC2=NCCCN2CC1,ClC(Cl)Cl,0,0
3,0,CC(C)(C)[C@H](N)C[NH+]1CCC(F)(F)CC1,O=S(=O)([O-])C(F)(F)F,Co-7,F[n+]1ccccc1,c1ccncc1,ClCCCl,0,0
3,0,CC(C)(C)[C@H](N)C[NH2+]C12C[C@H]3C[C@@H](C1)C[C@@H](C2)C3,O=S(=O)([O-])C(F)(F)F,Co-5,F[n+]1ccccc1,O=C(O)c1ccccc1,ClCCCl,31,87
3,0,CC(C)(C)[C@H](N)C[NH+]1CCC(F)(F)C1,O=S(=O)([O-])C(F)(F)F,Co-8,O=C1c2ccccc2C(=O)N1Cl,O=C(O)c1ccccc1,CC#N,27,72
3,0,CC(C)(C)[C@H](N)C[NH+]1CCC(Cl)CC1,O=S(=O)([O-])C(F)(F)F,Co-6,O=C1CCC(=O)N1Cl,O=C(O)c1ccccc1,CC#N,25,60
3,0,CC(C)(C)[C@H](N)C[NH+]1CCOCC1,O=C([O-])C(F)(F)F,Co-5,O=C1CCC(=O)N1Cl,c1ccncc1,CC#N,21,56
3,1,CC(C)(C)[C@H](N)C[NH2+]C12C[C@H]3C[C@@H](C1)C[C@@H](C2)C3,O=S(=O)([O-])C(F)(F)F,Co-5,O=C1c2ccccc2C(=O)N1Cl,O=C(O)c1ccccc1,CC#N,25,67
3,1,CC(C)(C)[C@H](N)C[NH2+]C12C[C@H]3C[C@@H](C1)C[C@@H](C2)C3,O=S(=O)([O-])C(F)(F)F,Co-8,F[n+]1ccccc1,O=C(O)c1ccccc1,ClCCCl,23,71
3,1,CC(C)(C)[C@H](N)C[NH2+]C12C[C@H]3C[C@@H](C1)C[C@@H](C2)C3,O=S(=O)([O-])C(F)(F)F,Co-5,F[n+]1ccccc1,CN(C)c1ccncc1,ClCCCl,0,0
3,1,CC(C)(C)[C@H](N)C[NH+]1CCC(F)(F)C1,O=S(=O)([O-])C(F)(F)F,Mn-2,O=C1c2ccccc2C(=O)N1Cl,O=C(O)c1ccccc1,CC#N,26,68
3,1,CC(C)(C)[C@H](N)C[NH2+]C12C[C@H]3C[C@@H](C1)C[C@@H](C2)C3,O=S(=O)([O-])C(F)(F)F,Co-5,F[n+]1ccccc1,CC(=O)O,ClCCCl,21,40
3,2,CC(C)(C)[C@H](N)C[NH2+]C12C[C@H]3C[C@@H](C1)C[C@@H](C2)C3,O=S(=O)([O-])C(F)(F)F,Mn-1,O=C1CCC(=O)N1Cl,O=C(O)c1ccccc1,CC#N,27,42
3,2,CC(C)(C)[C@H](N)C[NH2+]C12C[C@H]3C[C@@H](C1)C[C@@H](C2)C3,O=S(=O)([O-])C(F)(F)F,Co-5,Cc1cc(C)[n+](F)c(C)c1,O=C(O)c1ccccc1,ClCCCl,30,44
3,2,CC(C)(C)[C@H](N)C[NH2+]C12C[C@H]3C[C@@H](C1)C[C@@H](C2)C3,O=C([O-])C(F)(F)F,Co-5,F[n+]1ccccc1,O=C(O)c1ccccc1,CC#N,23,43
3,2,C[C@@H]1C[NH+](C[C@@H](N)C(C)(C)C)C[C@H](C)O1,O=S(=O)([O-])C(F)(F)F,Co-5,O=C1c2ccccc2C(=O)N1Cl,O=C(O)c1ccccc1,CC#N,22,46
3,2,CC(C)(C)[C@H](N)C[NH+]1CCC(F)(F)C1,O=C([O-])C(F)(F)F,Co-3,O=C1c2ccccc2C(=O)N1Cl,O=C(O)c1ccccc1,CC#N,26,66
3,3,CC(C)(C)[NH2+]C[C@@H](N)C(C)(C)C,O=C([O-])C(F)(F)F,Co-4,O=C1c2ccccc2C(=O)N1Cl,O=C(O)c1ccccc1,CC#N,24,78
3,3,CC(C)(C)[C@H](N)C[NH+]1CCC(F)(F)C1,O=C([O-])C(F)(F)F,Co-5,O=C1CCC(=O)N1Cl,O=C(O)c1ccccc1,CC#N,28,78
3,3,CC(C)(C)[C@H](N)C[NH+]1CCOCC1,O=C([O-])C(F)(F)F,Co-2,O=C1c2ccccc2C(=O)N1Cl,O=C(O)c1ccccc1,CC#N,25,66
3,3,CC(C)(C)[C@H](N)C[NH2+]C12C[C@H]3C[C@@H](C1)C[C@@H](C2)C3,O=S(=O)([O-])C(F)(F)F,Co-5,F[n+]1ccccc1,O=C(O)c1ccccc1,CC#N,30,4
3,3,C[C@H]1COCC[NH+]1C[C@@H](N)C(C)(C)C,O=S(=O)([O-])C(F)(F)F,Co-4,O=C1c2ccccc2C(=O)N1Cl,O=C(O)c1ccccc1,CC#N,25,44
3,4,CC(C)(C)[C@H](N)C[NH+]1CCC(F)(F)C1,O=C([O-])C(F)(F)F,Co-5,O=C1c2ccccc2C(=O)N1Cl,O=C(O)c1ccccc1,ClCCCl,38,66
3,4,CC(C)(C)[NH2+]C[C@@H](N)C(C)(C)C,O=C([O-])C(F)(F)F,Co-5,O=C1CCC(=O)N1Cl,O=C(O)c1ccccc1,CC#N,21,59
3,4,CC(C)(C)[C@H](N)C[NH+]1CCC(F)(F)C1,O=C([O-])C(F)(F)F,Mn-1,O=C1CCC(=O)N1Cl,O=C(O)c1ccccc1,CC#N,27,67
3,4,CC(C)(C)[C@H](N)C[NH2+]C12C[C@H]3C[C@@H](C1)C[C@@H](C2)C3,O=C([O-])C(F)(F)F,Co-2,O=C1c2ccccc2C(=O)N1Cl,O=C(O)c1ccccc1,ClCCCl,23,59
3,4,CC(C)(C)[C@H](N)C[NH+]1CCC(F)(F)C1,O=C([O-])C(F)(F)F,Co-5,F[N+]12CC[N+](CCl)(CC1)CC2,O=C(O)c1ccccc1,CC#N,19,64
3,5,CC(C)(C)[C@H](N)C[NH+]1CCC(F)(F)C1,O=C([O-])C(F)(F)F,Co-5,O=C1c2ccccc2C(=O)N1Cl,O=C(O)c1ccccc1,ClC(Cl)Cl,44,61
3,5,CC(C)(C)[C@H](N)C[NH+]1CCC(F)(F)C1,O=C([O-])C(F)(F)F,Co-5,O=C1c2ccccc2C(=O)N1Cl,CC(=O)O,ClCCCl,37,64
3,5,CC(C)(C)[C@H](N)C[NH+]1CCC(F)(F)C1,O=C([O-])C(F)(F)F,Co-10,O=C1c2ccccc2C(=O)N1Cl,O=C(O)c1ccccc1,ClCCCl,28,61
3,5,CC(C)(C)[C@H](N)C[NH+]1CCC(F)(F)C1,O=C([O-])C(F)(F)F,Co-5,F[n+]1ccccc1,O=C(O)c1ccccc1,ClCCCl,26,36
3,5,CC(C)(C)[NH2+]C[C@@H](N)C(C)(C)C,O=C([O-])C(F)(F)F,Co-2,O=C1c2ccccc2C(=O)N1Cl,CC(=O)O,ClCCCl,24,55
3,6,CC(C)(C)[C@H](N)C[NH+]1CCC(F)(F)C1,O=C([O-])C(F)(F)F,Co-5,O=C1c2ccccc2C(=O)N1Cl,CC(=O)O,ClC(Cl)Cl,19,65
3,6,CC(C)(C)[C@H](N)C[NH+]1CCC(F)(F)C1,O=C([O-])C(F)(F)F,Mn-1,O=C1c2ccccc2C(=O)N1Cl,CC(=O)O,CC#N,21,62
3,6,CC(C)(C)[C@H](N)C[NH+]1CCC(F)(F)C1,O=C([O-])C(F)(F)F,Co-5,O=C1c2ccccc2C(=O)N1Cl,O=C(O)c1ccccc1,CC#N,30,70
3,6,CC(C)(C)[C@H](N)C[NH+]1CCC(F)(F)C1,O=C([O-])C(F)(F)F,Mn-1,O=C1c2ccccc2C(=O)N1Cl,CC(=O)O,ClC(Cl)Cl,36,51
3,6,CC(C)(C)[C@H](N)C[NH+]1CCC(F)(F)C1,O=C([O-])C(F)(F)F,Mn-1,O=C1c2ccccc2C(=O)N1Cl,O=C(O)c1ccccc1,ClC(Cl)Cl,38,55
3,7,CC(C)(C)[C@H](N)C[NH+]1CCC(F)(F)C1,O=C([O-])C(F)(F)F,Co-5,O=C1c2ccccc2C(=O)N1Cl,C1CN2CCN1CC2,CC#N,0,0
3,7,CC(C)(C)[C@H](N)C[NH+]1CCC(F)(F)C1,O=C([O-])C(F)(F)F,Co-5,O=C1c2ccccc2C(=O)N1Cl,CN(C)c1ccncc1,CC#N,0,0
3,7,CC(C)(C)[C@H](N)C[NH+]1CCC(F)(F)C1,O=C([O-])C(F)(F)F,Co-11,O=C1c2ccccc2C(=O)N1Cl,O=C(O)c1ccccc1,CC#N,30,8
3,7,CC(C)(C)[NH2+]C[C@@H](N)C(C)(C)C,CC(=O)[O-],Co-4,O=C1c2ccccc2C(=O)N1Cl,O=C(O)c1ccccc1,CC#N,21,0
3,7,CC(C)(C)[NH2+]C[C@@H](N)C(C)(C)C,CC(=O)[O-],Co-8,F[n+]1ccccc1,CC(=O)O,ClCCCl,22,4
3,8,CC(C)(C)[C@H](N)C[NH+]1CCC(F)(F)C1,O=S(=O)([O-])C(F)(F)F,Co-5,O=C1CCC(=O)N1Cl,O=C(O)c1ccccc1,ClC(Cl)Cl,32,60
3,8,CC(C)(C)[C@H](N)C[NH+]1CCOCC1,O=C([O-])C(F)(F)F,Co-5,O=C1c2ccccc2C(=O)N1Cl,O=C(O)c1ccccc1,ClCCCl,25,70
3,8,CC(C)(C)[C@H](N)C[NH+]1CCC(F)(F)C1,O=S(=O)([O-])C(F)(F)F,Co-5,O=C1c2ccccc2C(=O)N1Cl,O=C(O)c1ccccc1,ClCCCl,38,34
3,8,CC(C)(C)[C@H](N)C[NH2+]C12C[C@H]3C[C@@H](C1)C[C@@H](C2)C3,O=S(=O)([O-])C(F)(F)F,Co-11,F[n+]1ccccc1,O=C(O)c1ccccc1,ClCCCl,21,85
3,8,CC(C)(C)[C@H](N)C[NH2+]C12C[C@H]3C[C@@H](C1)C[C@@H](C2)C3,O=S(=O)([O-])C(F)(F)F,Co-5,F[N+]12CC[N+](CCl)(CC1)CC2,O=C(O)c1ccccc1,ClCCCl,20,54
3,9,CC(C)(C)[C@H](N)C[NH2+]C12C[C@H]3C[C@@H](C1)C[C@@H](C2)C3,O=C([O-])C(F)(F)F,Co-11,F[n+]1ccccc1,O=C(O)c1ccccc1,ClCCCl,25,78
3,9,CC(C)(C)[C@H](N)C[NH+]1CCC(F)(F)C1,O=S(=O)([O-])C(F)(F)F,Co-5,O=C1CCC(=O)N1Cl,CC(=O)O,CC#N,28,58
3,9,CC(C)(C)[C@H](N)C[NH+]1CCOCC1,O=C([O-])C(F)(F)F,Co-7,O=C1CCC(=O)N1Cl,O=C(O)c1ccccc1,ClC(Cl)Cl,26,59
3,9,N[C@H](C[NH+]1CCOCC1)C12C[C@H]3C[C@@H](C1)C[C@@H](C2)C3,O=S(=O)([O-])C(F)(F)F,Co-11,F[n+]1ccccc1,O=C(O)c1ccccc1,ClCCCl,19,43
3,9,CC(C)(C)[C@H](N)C[NH+]1CCC(F)(F)C1,O=S(=O)([O-])C(F)(F)F,Co-5,O=C1CCC(=O)N1Cl,O=C(O)c1ccccc1,CC#N,0,0
3,10,CC(C)(C)[C@H](N)C[NH2+]C12C[C@H]3C[C@@H](C1)C[C@@H](C2)C3,O=S(=O)([O-])C(F)(F)F,Co-11,O=C1c2ccccc2C(=O)N1Cl,O=C(O)c1ccccc1,ClCCCl,23,75
3,10,CC(C)(C)[C@H](N)C[NH+]1CCC(F)(F)C1,O=S(=O)([O-])C(F)(F)F,Co-2,O=C1c2ccccc2C(=O)N1Cl,CC(=O)O,ClC(Cl)Cl,28,65
3,10,CC(C)(C)[C@H](N)C[NH+]1CCC(F)(F)CC1,O=S(=O)([O-])C(F)(F)F,Co-2,O=C1c2ccccc2C(=O)N1Cl,O=C(O)c1ccccc1,ClC(Cl)Cl,27,49
3,10,CC(C)(C)[C@H](N)C[NH2+]C12C[C@H]3C[C@@H](C1)C[C@@H](C2)C3,O=C([O-])C(F)(F)F,Co-11,O=C1CCC(=O)N1Cl,O=C(O)c1ccccc1,ClC(Cl)Cl,22,59
3,10,CC(C)(C)[C@H](N)C[NH2+]C12C[C@H]3C[C@@H](C1)C[C@@H](C2)C3,O=C([O-])C(F)(F)F,Co-11,F[N+]12CC[N+](CCl)(CC1)CC2,O=C(O)c1ccccc1,ClCCCl,0,0
3,11,CC(C)(C)[C@H](N)C[NH2+]C12C[C@H]3C[C@@H](C1)C[C@@H](C2)C3,O=S(=O)([O-])C(F)(F)F,Co-11,F[n+]1ccccc1,O=C(O)c1ccccc1,ClC(Cl)Cl,0,0
3,11,C[NH+](C[C@@H](N)C(C)(C)C)c1ccncc1,O=S(=O)([O-])C(F)(F)F,Co-3,O=C1c2ccccc2C(=O)N1Cl,O=C(O)c1ccccc1,ClC(Cl)Cl,0,0
3,11,N[C@@H](Cc1ccccc1)C[NH+]1CCOCC1,O=S(=O)([O-])C(F)(F)F,Co-6,O=C1c2ccccc2C(=O)N1Cl,O=C(O)c1ccccc1,ClCCCl,37,46
3,11,C[NH+](C[C@@H](N)C(C)(C)C)c1ccncc1,O=S(=O)([O-])C(F)(F)F,Mn-1,O=C1c2ccccc2C(=O)N1Cl,CC(=O)O,ClCCCl,0,0
3,11,C[C@H]1COCC[NH+]1C[C@@H](N)C(C)(C)C,O=S(=O)([O-])C(F)(F)F,Co-9,F[N+]12CC[N+](CCl)(CC1)CC2,O=P([O][K])([O][K])[O][K],ClC(Cl)Cl,0,0
3,12,CC(C)(C)[C@H](N)C[NH+]1CCC(F)(F)C1,O=C([O-])C(F)(F)F,Co-9,O=C1CCC(=O)N1Cl,O=C(O)c1ccccc1,ClC(Cl)Cl,19,81
3,12,CC(C)(C)[C@H](N)C[NH2+]C12C[C@H]3C[C@@H](C1)C[C@@H](C2)C3,O=S(=O)([O-])C(F)(F)F,Co-10,O=C1CCC(=O)N1Cl,O=C(O)c1ccccc1,ClCCCl,20,65
3,12,CC(C)(C)[C@H](N)C[NH+]1CCC(F)(F)C1,O=C([O-])C(F)(F)F,Co-7,O=C1CCC(=O)N1Cl,O=C(O)c1ccccc1,ClC(Cl)Cl,25,10
3,12,CC(C)(C)[C@H](N)C[NH+]1CCC(F)(F)C1,O=C([O-])C(F)(F)F,Co-9,O=C1c2ccccc2C(=O)N1Cl,O=C(O)c1ccccc1,ClCCl,40,78
3,12,C[n+]1ccn(C[C@@H]([NH3+])C(C)(C)C)c1,O=S(=O)([O-])C(F)(F)F,Mn-2,F[N+]12CC[N+](CCl)(CC1)CC2,C1CN2CCN1CC2,CC#N,0,0
3,13,CC(C)(C)[NH2+]C[C@@H](N)C(C)(C)C,O=C([O-])C(F)(F)F,Co-9,O=C1c2ccccc2C(=O)N1Cl,O=C(O)c1ccccc1,ClCCl,31,65
3,13,CC(C)(C)[C@H](N)C[NH+]1CCC(F)(F)C1,O=C([O-])C(F)(F)F,Co-9,O=C1c2ccccc2C(=O)N1Cl,O=C(O)c1ccccc1,ClCCCl,47,65
3,13,C[NH+](C[C@@H](N)C(C)(C)C)c1ccncc1,O=S(=O)([O-])C(F)(F)F,Co-11,Cc1cc(C)[n+](F)c(C)c1,blanck_cell,ClCCl,0,0
3,13,CC(C)(C)[C@H](N)C[NH+]1CCOCC1,O=C([O-])C(F)(F)F,Co-9,O=C1c2ccccc2C(=O)N1Cl,O=C(O)c1ccccc1,ClCCl,42,66
3,13,N[C@@H]1CCCC[C@H]1[NH+](Cc1ccccc1)Cc1ccccc1,O=S(=O)([N-]S(=O)(=O)C(F)(F)F)C(F)(F)F,Co-9,F[N+]12CC[N+](CCl)(CC1)CC2,blanck_cell,ClCCCl,44,-4
3,14,CC(C)(C)[C@H](N)C[NH+]1CCCCC1,O=S(=O)([N-]S(=O)(=O)C(F)(F)F)C(F)(F)F,Co-9,O=C1c2ccccc2C(=O)N1Cl,O=C(O)c1ccccc1,ClCCCl,34,74
3,14,CC(C)(C)[C@H](N)C[NH2+]C12C[C@H]3C[C@@H](C1)C[C@@H](C2)C3,O=C([O-])C(F)(F)F,Co-9,O=C1CCC(=O)N1Cl,O=C(O)c1ccccc1,ClCCCl,27,73
3,14,CC(C)(C)[NH2+]C[C@@H](N)C(C)(C)C,O=S(=O)([N-]S(=O)(=O)C(F)(F)F)C(F)(F)F,Co-9,O=C1c2ccccc2C(=O)N1Cl,O=C(O)c1ccccc1,CC#N,28,33
3,14,CC(C)(C)[C@H](N)C[NH+]1CCC(F)(F)C1,O=C([O-])C(F)(F)F,Co-9,O=C1c2ccccc2C(=O)N1Cl,O=C(O)c1ccccc1,CC#N,25,76
3,14,C[NH+](C)[C@H](CN1CCOCC1)C(C)(C)C,O=S(=O)([O-])C(F)(F)F,Co-9,O=C1c2ccccc2C(=O)N1Cl,O=C(O)c1ccccc1,ClCCCl,0,0
3,15,CC(C)(C)[C@H](N)C[NH2+]C12C[C@H]3C[C@@H](C1)C[C@@H](C2)C3,O=C([O-])C(F)(F)F,Co-5,O=C1CCC(=O)N1Cl,O=C(O)c1ccccc1,ClCCCl,24,62
3,15,CC(C)(C)[C@H](N)C[NH+]1CCCCC1,O=S(=O)([N-]S(=O)(=O)C(F)(F)F)C(F)(F)F,Co-5,O=C1c2ccccc2C(=O)N1Cl,O=C(O)c1ccccc1,ClCCCl,32,54
3,15,CC(C)(C)[C@H](N)C[NH+]1CCC(F)(F)C1,O=C([O-])C(F)(F)F,Co-9,O=C1c2ccccc2C(=O)N1Cl,blanck_cell,ClCCCl,41,70
3,15,C[C@@H]1C[NH+](C[C@@H](N)C(C)(C)C)C[C@H](C)O1,O=S(=O)([N-]S(=O)(=O)C(F)(F)F)C(F)(F)F,Co-5,O=C1c2ccccc2C(=O)N1Cl,O=C(O)c1ccccc1,ClCCCl,23,31
3,15,CC(C)(C)[C@H](N)C[NH+]1CCCCC1,O=S(=O)([N-]S(=O)(=O)C(F)(F)F)C(F)(F)F,Co-11,O=C1c2ccccc2C(=O)N1Cl,O=C(O)c1ccccc1,ClCCCl,29,63
3,16,CC(C)(C)[C@H](N)C[NH2+]C12C[C@H]3C[C@@H](C1)C[C@@H](C2)C3,O=C([O-])C(F)(F)F,Co-9,O=C1c2ccccc2C(=O)N1Cl,O=C(O)c1ccccc1,CC#N,0,0
3,16,CC(C)[C@H](N)C[NH+]1CCOCC1,O=S(=O)([O-])C(F)(F)F,Co-9,O=C1c2ccccc2C(=O)N1Cl,O=C(O)c1ccccc1,ClCCCl,24,70
3,16,CC(C)(C)[C@H](N)C[NH+]1CCOCC1,O=C([O-])C(F)(F)F,Co-9,O=C1c2ccccc2C(=O)N1Cl,O=C(O)c1ccccc1,ClCCCl,37,63
3,16,CC(C)(C)[C@H](N)C[NH+]1CCCCC1,O=S(=O)([O-])C(F)(F)F,Co-9,O=C1c2ccccc2C(=O)N1Cl,O=C(O)c1ccccc1,ClCCCl,33,58
3,16,[NH3+][C@@H]1CCCC[C@H]1NC(=O)C(F)(F)F,O=S(=O)([O-])C(F)(F)F,Co-9,O=C1c2ccccc2C(=O)N1Cl,O=C(O)c1ccccc1,ClCCCl,20,-24
3,17,CC(C)(C)[C@H](N)C[NH+]1CCC(F)(F)C1,O=C([O-])C(F)(F)F,Co-5,O=C1c2ccccc2C(=O)N1Cl,blanck_cell,ClCCl,43,63
3,17,CC(C)(C)[C@H](N)C[NH+]1CCOCC1,O=C([O-])C(F)(F)F,Co-9,O=C1CCC(=O)N1Cl,blanck_cell,ClCCCl,37,71
3,17,CC(C)(C)[C@H](N)C[NH+]1CCC(F)(F)C1,O=C([O-])C(F)(F)F,Co-9,O=C1c2ccccc2C(=O)N1Cl,blanck_cell,ClC(Cl)Cl,25,20
3,17,CC(C)(C)[C@H](N)C[NH+]1CCC(F)(F)C1,O=C([O-])C(F)(F)F,Mn-1,O=C1c2ccccc2C(=O)N1Cl,blanck_cell,ClCCCl,35,61
3,17,CC(C)(C)[C@H](N)C[NH+]1CCCCC1,O=S(=O)([N-]S(=O)(=O)C(F)(F)F)C(F)(F)F,Co-9,O=C1c2ccccc2C(=O)N1Cl,blanck_cell,ClCCCl,34,11
3,18,CC(C)(C)[C@H](N)C[NH+]1CCOCC1,O=C([O-])C(F)(F)F,Co-5,O=C1c2ccccc2C(=O)N1Cl,blanck_cell,ClCCCl,36,61
3,18,CC(C)(C)[C@H](N)C[NH+]1CCC(F)(F)C1,O=C([O-])C(F)(F)F,Co-5,O=C1CCC(=O)N1Cl,blanck_cell,ClCCCl,26,68
3,18,CC(C)(C)[NH2+]C[C@@H](N)C(C)(C)C,O=C([O-])C(F)(F)F,Co-5,O=C1c2ccccc2C(=O)N1Cl,blanck_cell,ClCCCl,23,56
3,18,CC(C)(C)[C@H](N)C[NH+]1CCOCC1,O=C([O-])C(F)(F)F,Co-9,O=C1CCC(=O)N1Cl,O=C(O)c1ccccc1,ClCCCl,34,63
3,18,CC(C)(C)[C@H](N)C[NH+]1CCC(F)(F)C1,O=C([O-])C(F)(F)F,Co-2,O=C1c2ccccc2C(=O)N1Cl,O=C(O)c1ccccc1,ClCCl,22,64
3,19,CC(C)(C)[C@H](N)C[NH+]1CCOCC1,O=C([O-])C(F)(F)F,Co-11,O=C1CCC(=O)N1Cl,blanck_cell,ClCCCl,32,65
3,19,N[C@H](C[NH+]1CCOCC1)c1ccccc1,O=S(=O)([O-])C(F)(F)F,Mn-1,O=C1c2ccccc2C(=O)N1Cl,blanck_cell,ClCCCl,24,43
3,19,CC(C)(C)[C@@H](N)C[NH+]1CCSCC1,O=S(=O)([O-])C(F)(F)F,Mn-1,O=C1CCC(=O)N1Cl,blanck_cell,ClCCCl,23,65
3,19,N[C@H](C[NH+]1CCOCC1)c1ccccc1,O=S(=O)([O-])C(F)(F)F,Co-11,O=C1c2ccccc2C(=O)N1Cl,blanck_cell,ClCCCl,28,10
3,19,N[C@H](C[NH+]1CCOCC1)c1ccccc1,O=S(=O)([O-])C(F)(F)F,Co-9,O=C1c2ccccc2C(=O)N1Cl,O=C(O)c1ccccc1,ClCCCl,31,8
3,20,CC(C)(C)[C@H](N)C[NH2+]C12C[C@H]3C[C@@H](C1)C[C@@H](C2)C3,O=C([O-])C(F)(F)F,Mn-1,O=C1CCC(=O)N1Cl,blanck_cell,ClCCCl,22,51
3,20,CC(C)(C)[C@H](N)C[NH+]1CCOCC1,O=C([O-])C(F)(F)F,Mn-1,F[n+]1ccccc1,blanck_cell,ClCCCl,23,74
3,20,C[NH+](C)C[C@@H](N)C(C)(C)C,O=S(=O)([O-])C(F)(F)F,Co-9,O=C1c2ccccc2C(=O)N1Cl,blanck_cell,ClCCCl,35,12
3,20,CC(C)(C)[C@H](N)C[NH+]1CCOCC1,O=C([O-])C(F)(F)F,Co-9,F[n+]1ccccc1,blanck_cell,ClCCCl,50,80
3,20,CC(C)(C)[C@@H](N)C[NH+]1CCSCC1,O=S(=O)([O-])C(F)(F)F,Co-9,O=C1CCC(=O)N1Cl,O=C(O)c1ccccc1,ClCCCl,30,37
