new_index,base,ligand,solvent,concentration,temperature,yield,cost,priority
1654,CsOPiv,CgMe-PPh,DMAc,0.153,120,92.19,0.139752661,1.0
1648,CsOAc,CgMe-PPh,DMAc,0.153,120,99.22,0.098899661,1.0
776,KOPiv,tBPh-CPhos,DMAc,0.153,120,45.01,0.263297159,1.0
772,KOAc,PPh3,DMAc,0.153,120,51.83,0.021790691,1.0
770,KOAc,tBPh-CPhos,DMAc,0.153,120,76.59,0.264482497,1.0
1727,CsOPiv,PPhMe2,p-Xylene,0.153,120,PENDING,PENDING,0.0
1726,CsOPiv,CgMe-PPh,p-Xylene,0.153,120,PENDING,PENDING,0.0
1725,CsOPiv,JackiePhos,p-Xylene,0.153,120,PENDING,PENDING,0.0
1724,CsOPiv,GorlosPhos HBF4,p-Xylene,0.153,120,PENDING,PENDING,0.0
1723,CsOPiv,PPh2Me,p-Xylene,0.153,120,PENDING,PENDING,0.0
1722,CsOPiv,P(fur)3,p-Xylene,0.153,120,PENDING,PENDING,0.0
1721,CsOAc,PPhMe2,p-Xylene,0.153,120,PENDING,PENDING,0.0
1720,CsOAc,CgMe-PPh,p-Xylene,0.153,120,PENDING,PENDING,0.0
1719,CsOAc,JackiePhos,p-Xylene,0.153,120,PENDING,PENDING,0.0
1718,CsOAc,GorlosPhos HBF4,p-Xylene,0.153,120,PENDING,PENDING,0.0
1717,CsOAc,PPh2Me,p-Xylene,0.153,120,PENDING,PENDING,0.0
1716,CsOAc,P(fur)3,p-Xylene,0.153,120,PENDING,PENDING,0.0
1715,KOPiv,PPhMe2,p-Xylene,0.153,120,PENDING,PENDING,0.0
1714,KOPiv,CgMe-PPh,p-Xylene,0.153,120,PENDING,PENDING,0.0
1713,KOPiv,JackiePhos,p-Xylene,0.153,120,PENDING,PENDING,0.0
1712,KOPiv,GorlosPhos HBF4,p-Xylene,0.153,120,PENDING,PENDING,0.0
1711,KOPiv,PPh2Me,p-Xylene,0.153,120,PENDING,PENDING,0.0
1709,KOAc,PPhMe2,p-Xylene,0.153,120,PENDING,PENDING,0.0
1708,KOAc,CgMe-PPh,p-Xylene,0.153,120,PENDING,PENDING,0.0
1707,KOAc,JackiePhos,p-Xylene,0.153,120,PENDING,PENDING,0.0
1706,KOAc,GorlosPhos HBF4,p-Xylene,0.153,120,PENDING,PENDING,0.0
1705,KOAc,PPh2Me,p-Xylene,0.153,120,PENDING,PENDING,0.0
1704,KOAc,P(fur)3,p-Xylene,0.153,120,PENDING,PENDING,0.0
1703,CsOPiv,PPhMe2,BuOAc,0.153,120,PENDING,PENDING,0.0
1702,CsOPiv,CgMe-PPh,BuOAc,0.153,120,PENDING,PENDING,0.0
1701,CsOPiv,JackiePhos,BuOAc,0.153,120,PENDING,PENDING,0.0
1700,CsOPiv,GorlosPhos HBF4,BuOAc,0.153,120,PENDING,PENDING,0.0
1699,CsOPiv,PPh2Me,BuOAc,0.153,120,PENDING,PENDING,0.0
1698,CsOPiv,P(fur)3,BuOAc,0.153,120,PENDING,PENDING,0.0
1697,CsOAc,PPhMe2,BuOAc,0.153,120,PENDING,PENDING,0.0
1696,CsOAc,CgMe-PPh,BuOAc,0.153,120,PENDING,PENDING,0.0
1695,CsOAc,JackiePhos,BuOAc,0.153,120,PENDING,PENDING,0.0
1694,CsOAc,GorlosPhos HBF4,BuOAc,0.153,120,PENDING,PENDING,0.0
1693,CsOAc,PPh2Me,BuOAc,0.153,120,PENDING,PENDING,0.0
1692,CsOAc,P(fur)3,BuOAc,0.153,120,PENDING,PENDING,0.0
1691,KOPiv,PPhMe2,BuOAc,0.153,120,PENDING,PENDING,0.0
1690,KOPiv,CgMe-PPh,BuOAc,0.153,120,PENDING,PENDING,0.0
1689,KOPiv,JackiePhos,BuOAc,0.153,120,PENDING,PENDING,0.0
1688,KOPiv,GorlosPhos HBF4,BuOAc,0.153,120,PENDING,PENDING,0.0
1687,KOPiv,PPh2Me,BuOAc,0.153,120,PENDING,PENDING,0.0
1685,KOAc,PPhMe2,BuOAc,0.153,120,PENDING,PENDING,0.0
1684,KOAc,CgMe-PPh,BuOAc,0.153,120,PENDING,PENDING,0.0
1683,KOAc,JackiePhos,BuOAc,0.153,120,PENDING,PENDING,0.0
1682,KOAc,GorlosPhos HBF4,BuOAc,0.153,120,PENDING,PENDING,0.0
1681,KOAc,PPh2Me,BuOAc,0.153,120,PENDING,PENDING,0.0
1680,KOAc,P(fur)3,BuOAc,0.153,120,PENDING,PENDING,0.0
1679,CsOPiv,PPhMe2,BuCN,0.153,120,PENDING,PENDING,0.0
1678,CsOPiv,CgMe-PPh,BuCN,0.153,120,PENDING,PENDING,0.0
1677,CsOPiv,JackiePhos,BuCN,0.153,120,PENDING,PENDING,0.0
1676,CsOPiv,GorlosPhos HBF4,BuCN,0.153,120,PENDING,PENDING,0.0
1675,CsOPiv,PPh2Me,BuCN,0.153,120,PENDING,PENDING,0.0
1674,CsOPiv,P(fur)3,BuCN,0.153,120,PENDING,PENDING,0.0
1673,CsOAc,PPhMe2,BuCN,0.153,120,PENDING,PENDING,0.0
1672,CsOAc,CgMe-PPh,BuCN,0.153,120,PENDING,PENDING,0.0
1671,CsOAc,JackiePhos,BuCN,0.153,120,PENDING,PENDING,0.0
1670,CsOAc,GorlosPhos HBF4,BuCN,0.153,120,PENDING,PENDING,0.0
1669,CsOAc,PPh2Me,BuCN,0.153,120,PENDING,PENDING,0.0
1668,CsOAc,P(fur)3,BuCN,0.153,120,PENDING,PENDING,0.0
1667,KOPiv,PPhMe2,BuCN,0.153,120,PENDING,PENDING,0.0
1665,KOPiv,JackiePhos,BuCN,0.153,120,PENDING,PENDING,0.0
1664,KOPiv,GorlosPhos HBF4,BuCN,0.153,120,PENDING,PENDING,0.0
1663,KOPiv,PPh2Me,BuCN,0.153,120,PENDING,PENDING,0.0
1662,KOPiv,P(fur)3,BuCN,0.153,120,PENDING,PENDING,0.0
1661,KOAc,PPhMe2,BuCN,0.153,120,PENDING,PENDING,0.0
1660,KOAc,CgMe-PPh,BuCN,0.153,120,PENDING,PENDING,0.0
1659,KOAc,JackiePhos,BuCN,0.153,120,PENDING,PENDING,0.0
1658,KOAc,GorlosPhos HBF4,BuCN,0.153,120,PENDING,PENDING,0.0
1657,KOAc,PPh2Me,BuCN,0.153,120,PENDING,PENDING,0.0
1656,KOAc,P(fur)3,BuCN,0.153,120,PENDING,PENDING,0.0
1655,CsOPiv,PPhMe2,DMAc,0.153,120,PENDING,PENDING,0.0
1653,CsOPiv,JackiePhos,DMAc,0.153,120,PENDING,PENDING,0.0
1652,CsOPiv,GorlosPhos HBF4,DMAc,0.153,120,PENDING,PENDING,0.0
1651,CsOPiv,PPh2Me,DMAc,0.153,120,PENDING,PENDING,0.0
1649,CsOAc,PPhMe2,DMAc,0.153,120,PENDING,PENDING,0.0
1647,CsOAc,JackiePhos,DMAc,0.153,120,PENDING,PENDING,0.0
1646,CsOAc,GorlosPhos HBF4,DMAc,0.153,120,PENDING,PENDING,0.0
1645,CsOAc,PPh2Me,DMAc,0.153,120,PENDING,PENDING,0.0
1644,CsOAc,P(fur)3,DMAc,0.153,120,PENDING,PENDING,0.0
1643,KOPiv,PPhMe2,DMAc,0.153,120,PENDING,PENDING,0.0
1640,KOPiv,GorlosPhos HBF4,DMAc,0.153,120,PENDING,PENDING,0.0
1638,KOPiv,P(fur)3,DMAc,0.153,120,PENDING,PENDING,0.0
1637,KOAc,PPhMe2,DMAc,0.153,120,PENDING,PENDING,0.0
1635,KOAc,JackiePhos,DMAc,0.153,120,PENDING,PENDING,0.0
1634,KOAc,GorlosPhos HBF4,DMAc,0.153,120,PENDING,PENDING,0.0
1633,KOAc,PPh2Me,DMAc,0.153,120,PENDING,PENDING,0.0
1632,KOAc,P(fur)3,DMAc,0.153,120,PENDING,PENDING,0.0
1631,CsOPiv,PPhMe2,p-Xylene,0.153,105,PENDING,PENDING,0.0
1630,CsOPiv,CgMe-PPh,p-Xylene,0.153,105,PENDING,PENDING,0.0
1629,CsOPiv,JackiePhos,p-Xylene,0.153,105,PENDING,PENDING,0.0
1628,CsOPiv,GorlosPhos HBF4,p-Xylene,0.153,105,PENDING,PENDING,0.0
1627,CsOPiv,PPh2Me,p-Xylene,0.153,105,PENDING,PENDING,0.0
1626,CsOPiv,P(fur)3,p-Xylene,0.153,105,PENDING,PENDING,0.0
1625,CsOAc,PPhMe2,p-Xylene,0.153,105,PENDING,PENDING,0.0
1624,CsOAc,CgMe-PPh,p-Xylene,0.153,105,PENDING,PENDING,0.0
1623,CsOAc,JackiePhos,p-Xylene,0.153,105,PENDING,PENDING,0.0
1622,CsOAc,GorlosPhos HBF4,p-Xylene,0.153,105,PENDING,PENDING,0.0
1621,CsOAc,PPh2Me,p-Xylene,0.153,105,PENDING,PENDING,0.0
1620,CsOAc,P(fur)3,p-Xylene,0.153,105,PENDING,PENDING,0.0
1619,KOPiv,PPhMe2,p-Xylene,0.153,105,PENDING,PENDING,0.0
1618,KOPiv,CgMe-PPh,p-Xylene,0.153,105,PENDING,PENDING,0.0
1617,KOPiv,JackiePhos,p-Xylene,0.153,105,PENDING,PENDING,0.0
1616,KOPiv,GorlosPhos HBF4,p-Xylene,0.153,105,PENDING,PENDING,0.0
1615,KOPiv,PPh2Me,p-Xylene,0.153,105,PENDING,PENDING,0.0
1614,KOPiv,P(fur)3,p-Xylene,0.153,105,PENDING,PENDING,0.0
1613,KOAc,PPhMe2,p-Xylene,0.153,105,PENDING,PENDING,0.0
1612,KOAc,CgMe-PPh,p-Xylene,0.153,105,PENDING,PENDING,0.0
1611,KOAc,JackiePhos,p-Xylene,0.153,105,PENDING,PENDING,0.0
1610,KOAc,GorlosPhos HBF4,p-Xylene,0.153,105,PENDING,PENDING,0.0
1609,KOAc,PPh2Me,p-Xylene,0.153,105,PENDING,PENDING,0.0
1608,KOAc,P(fur)3,p-Xylene,0.153,105,PENDING,PENDING,0.0
1607,CsOPiv,PPhMe2,BuOAc,0.153,105,PENDING,PENDING,0.0
1606,CsOPiv,CgMe-PPh,BuOAc,0.153,105,PENDING,PENDING,0.0
1605,CsOPiv,JackiePhos,BuOAc,0.153,105,PENDING,PENDING,0.0
1604,CsOPiv,GorlosPhos HBF4,BuOAc,0.153,105,PENDING,PENDING,0.0
1603,CsOPiv,PPh2Me,BuOAc,0.153,105,PENDING,PENDING,0.0
1602,CsOPiv,P(fur)3,BuOAc,0.153,105,PENDING,PENDING,0.0
1601,CsOAc,PPhMe2,BuOAc,0.153,105,PENDING,PENDING,0.0
1600,CsOAc,CgMe-PPh,BuOAc,0.153,105,PENDING,PENDING,0.0
1599,CsOAc,JackiePhos,BuOAc,0.153,105,PENDING,PENDING,0.0
1598,CsOAc,GorlosPhos HBF4,BuOAc,0.153,105,PENDING,PENDING,0.0
1597,CsOAc,PPh2Me,BuOAc,0.153,105,PENDING,PENDING,0.0
1596,CsOAc,P(fur)3,BuOAc,0.153,105,PENDING,PENDING,0.0
1595,KOPiv,PPhMe2,BuOAc,0.153,105,PENDING,PENDING,0.0
1594,KOPiv,CgMe-PPh,BuOAc,0.153,105,PENDING,PENDING,0.0
1593,KOPiv,JackiePhos,BuOAc,0.153,105,PENDING,PENDING,0.0
1592,KOPiv,GorlosPhos HBF4,BuOAc,0.153,105,PENDING,PENDING,0.0
1591,KOPiv,PPh2Me,BuOAc,0.153,105,PENDING,PENDING,0.0
1590,KOPiv,P(fur)3,BuOAc,0.153,105,PENDING,PENDING,0.0
1589,KOAc,PPhMe2,BuOAc,0.153,105,PENDING,PENDING,0.0
1588,KOAc,CgMe-PPh,BuOAc,0.153,105,PENDING,PENDING,0.0
1587,KOAc,JackiePhos,BuOAc,0.153,105,PENDING,PENDING,0.0
1586,KOAc,GorlosPhos HBF4,BuOAc,0.153,105,PENDING,PENDING,0.0
1585,KOAc,PPh2Me,BuOAc,0.153,105,PENDING,PENDING,0.0
1584,KOAc,P(fur)3,BuOAc,0.153,105,PENDING,PENDING,0.0
1583,CsOPiv,PPhMe2,BuCN,0.153,105,PENDING,PENDING,0.0
1582,CsOPiv,CgMe-PPh,BuCN,0.153,105,PENDING,PENDING,0.0
1581,CsOPiv,JackiePhos,BuCN,0.153,105,PENDING,PENDING,0.0
1580,CsOPiv,GorlosPhos HBF4,BuCN,0.153,105,PENDING,PENDING,0.0
1579,CsOPiv,PPh2Me,BuCN,0.153,105,PENDING,PENDING,0.0
1578,CsOPiv,P(fur)3,BuCN,0.153,105,PENDING,PENDING,0.0
1577,CsOAc,PPhMe2,BuCN,0.153,105,PENDING,PENDING,0.0
1576,CsOAc,CgMe-PPh,BuCN,0.153,105,PENDING,PENDING,0.0
1575,CsOAc,JackiePhos,BuCN,0.153,105,PENDING,PENDING,0.0
1574,CsOAc,GorlosPhos HBF4,BuCN,0.153,105,PENDING,PENDING,0.0
1573,CsOAc,PPh2Me,BuCN,0.153,105,PENDING,PENDING,0.0
1572,CsOAc,P(fur)3,BuCN,0.153,105,PENDING,PENDING,0.0
1571,KOPiv,PPhMe2,BuCN,0.153,105,PENDING,PENDING,0.0
1570,KOPiv,CgMe-PPh,BuCN,0.153,105,PENDING,PENDING,0.0
1569,KOPiv,JackiePhos,BuCN,0.153,105,PENDING,PENDING,0.0
1568,KOPiv,GorlosPhos HBF4,BuCN,0.153,105,PENDING,PENDING,0.0
1567,KOPiv,PPh2Me,BuCN,0.153,105,PENDING,PENDING,0.0
1566,KOPiv,P(fur)3,BuCN,0.153,105,PENDING,PENDING,0.0
1565,KOAc,PPhMe2,BuCN,0.153,105,PENDING,PENDING,0.0
1564,KOAc,CgMe-PPh,BuCN,0.153,105,PENDING,PENDING,0.0
1563,KOAc,JackiePhos,BuCN,0.153,105,PENDING,PENDING,0.0
1562,KOAc,GorlosPhos HBF4,BuCN,0.153,105,PENDING,PENDING,0.0
1561,KOAc,PPh2Me,BuCN,0.153,105,PENDING,PENDING,0.0
1560,KOAc,P(fur)3,BuCN,0.153,105,PENDING,PENDING,0.0
1559,CsOPiv,PPhMe2,DMAc,0.153,105,PENDING,PENDING,0.0
1558,CsOPiv,CgMe-PPh,DMAc,0.153,105,PENDING,PENDING,0.0
1557,CsOPiv,JackiePhos,DMAc,0.153,105,PENDING,PENDING,0.0
1556,CsOPiv,GorlosPhos HBF4,DMAc,0.153,105,PENDING,PENDING,0.0
1555,CsOPiv,PPh2Me,DMAc,0.153,105,PENDING,PENDING,0.0
1554,CsOPiv,P(fur)3,DMAc,0.153,105,PENDING,PENDING,0.0
1553,CsOAc,PPhMe2,DMAc,0.153,105,PENDING,PENDING,0.0
1552,CsOAc,CgMe-PPh,DMAc,0.153,105,PENDING,PENDING,0.0
1551,CsOAc,JackiePhos,DMAc,0.153,105,PENDING,PENDING,0.0
1550,CsOAc,GorlosPhos HBF4,DMAc,0.153,105,PENDING,PENDING,0.0
1549,CsOAc,PPh2Me,DMAc,0.153,105,PENDING,PENDING,0.0
1548,CsOAc,P(fur)3,DMAc,0.153,105,PENDING,PENDING,0.0
1547,KOPiv,PPhMe2,DMAc,0.153,105,PENDING,PENDING,0.0
1546,KOPiv,CgMe-PPh,DMAc,0.153,105,PENDING,PENDING,0.0
1545,KOPiv,JackiePhos,DMAc,0.153,105,PENDING,PENDING,0.0
1544,KOPiv,GorlosPhos HBF4,DMAc,0.153,105,PENDING,PENDING,0.0
1543,KOPiv,PPh2Me,DMAc,0.153,105,PENDING,PENDING,0.0
1542,KOPiv,P(fur)3,DMAc,0.153,105,PENDING,PENDING,0.0
1541,KOAc,PPhMe2,DMAc,0.153,105,PENDING,PENDING,0.0
1539,KOAc,JackiePhos,DMAc,0.153,105,PENDING,PENDING,0.0
1538,KOAc,GorlosPhos HBF4,DMAc,0.153,105,PENDING,PENDING,0.0
1537,KOAc,PPh2Me,DMAc,0.153,105,PENDING,PENDING,0.0
1536,KOAc,P(fur)3,DMAc,0.153,105,PENDING,PENDING,0.0
1535,CsOPiv,PPhMe2,p-Xylene,0.153,90,PENDING,PENDING,0.0
1534,CsOPiv,CgMe-PPh,p-Xylene,0.153,90,PENDING,PENDING,0.0
1533,CsOPiv,JackiePhos,p-Xylene,0.153,90,PENDING,PENDING,0.0
1532,CsOPiv,GorlosPhos HBF4,p-Xylene,0.153,90,PENDING,PENDING,0.0
1531,CsOPiv,PPh2Me,p-Xylene,0.153,90,PENDING,PENDING,0.0
1530,CsOPiv,P(fur)3,p-Xylene,0.153,90,PENDING,PENDING,0.0
1529,CsOAc,PPhMe2,p-Xylene,0.153,90,PENDING,PENDING,0.0
1528,CsOAc,CgMe-PPh,p-Xylene,0.153,90,PENDING,PENDING,0.0
1527,CsOAc,JackiePhos,p-Xylene,0.153,90,PENDING,PENDING,0.0
1526,CsOAc,GorlosPhos HBF4,p-Xylene,0.153,90,PENDING,PENDING,0.0
1525,CsOAc,PPh2Me,p-Xylene,0.153,90,PENDING,PENDING,0.0
1524,CsOAc,P(fur)3,p-Xylene,0.153,90,PENDING,PENDING,0.0
1523,KOPiv,PPhMe2,p-Xylene,0.153,90,PENDING,PENDING,0.0
1522,KOPiv,CgMe-PPh,p-Xylene,0.153,90,PENDING,PENDING,0.0
1521,KOPiv,JackiePhos,p-Xylene,0.153,90,PENDING,PENDING,0.0
1520,KOPiv,GorlosPhos HBF4,p-Xylene,0.153,90,PENDING,PENDING,0.0
1519,KOPiv,PPh2Me,p-Xylene,0.153,90,PENDING,PENDING,0.0
1518,KOPiv,P(fur)3,p-Xylene,0.153,90,PENDING,PENDING,0.0
1517,KOAc,PPhMe2,p-Xylene,0.153,90,PENDING,PENDING,0.0
1516,KOAc,CgMe-PPh,p-Xylene,0.153,90,PENDING,PENDING,0.0
1515,KOAc,JackiePhos,p-Xylene,0.153,90,PENDING,PENDING,0.0
1514,KOAc,GorlosPhos HBF4,p-Xylene,0.153,90,PENDING,PENDING,0.0
1513,KOAc,PPh2Me,p-Xylene,0.153,90,PENDING,PENDING,0.0
1512,KOAc,P(fur)3,p-Xylene,0.153,90,PENDING,PENDING,0.0
1511,CsOPiv,PPhMe2,BuOAc,0.153,90,PENDING,PENDING,0.0
1510,CsOPiv,CgMe-PPh,BuOAc,0.153,90,PENDING,PENDING,0.0
1509,CsOPiv,JackiePhos,BuOAc,0.153,90,PENDING,PENDING,0.0
1508,CsOPiv,GorlosPhos HBF4,BuOAc,0.153,90,PENDING,PENDING,0.0
1507,CsOPiv,PPh2Me,BuOAc,0.153,90,PENDING,PENDING,0.0
1506,CsOPiv,P(fur)3,BuOAc,0.153,90,PENDING,PENDING,0.0
1505,CsOAc,PPhMe2,BuOAc,0.153,90,PENDING,PENDING,0.0
1504,CsOAc,CgMe-PPh,BuOAc,0.153,90,PENDING,PENDING,0.0
1503,CsOAc,JackiePhos,BuOAc,0.153,90,PENDING,PENDING,0.0
1502,CsOAc,GorlosPhos HBF4,BuOAc,0.153,90,PENDING,PENDING,0.0
1501,CsOAc,PPh2Me,BuOAc,0.153,90,PENDING,PENDING,0.0
1500,CsOAc,P(fur)3,BuOAc,0.153,90,PENDING,PENDING,0.0
1499,KOPiv,PPhMe2,BuOAc,0.153,90,PENDING,PENDING,0.0
1498,KOPiv,CgMe-PPh,BuOAc,0.153,90,PENDING,PENDING,0.0
1497,KOPiv,JackiePhos,BuOAc,0.153,90,PENDING,PENDING,0.0
1496,KOPiv,GorlosPhos HBF4,BuOAc,0.153,90,PENDING,PENDING,0.0
1495,KOPiv,PPh2Me,BuOAc,0.153,90,PENDING,PENDING,0.0
1494,KOPiv,P(fur)3,BuOAc,0.153,90,PENDING,PENDING,0.0
1493,KOAc,PPhMe2,BuOAc,0.153,90,PENDING,PENDING,0.0
1492,KOAc,CgMe-PPh,BuOAc,0.153,90,PENDING,PENDING,0.0
1491,KOAc,JackiePhos,BuOAc,0.153,90,PENDING,PENDING,0.0
1490,KOAc,GorlosPhos HBF4,BuOAc,0.153,90,PENDING,PENDING,0.0
1489,KOAc,PPh2Me,BuOAc,0.153,90,PENDING,PENDING,0.0
1488,KOAc,P(fur)3,BuOAc,0.153,90,PENDING,PENDING,0.0
1487,CsOPiv,PPhMe2,BuCN,0.153,90,PENDING,PENDING,0.0
1486,CsOPiv,CgMe-PPh,BuCN,0.153,90,PENDING,PENDING,0.0
1485,CsOPiv,JackiePhos,BuCN,0.153,90,PENDING,PENDING,0.0
1484,CsOPiv,GorlosPhos HBF4,BuCN,0.153,90,PENDING,PENDING,0.0
1483,CsOPiv,PPh2Me,BuCN,0.153,90,PENDING,PENDING,0.0
1482,CsOPiv,P(fur)3,BuCN,0.153,90,PENDING,PENDING,0.0
1481,CsOAc,PPhMe2,BuCN,0.153,90,PENDING,PENDING,0.0
1480,CsOAc,CgMe-PPh,BuCN,0.153,90,PENDING,PENDING,0.0
1479,CsOAc,JackiePhos,BuCN,0.153,90,PENDING,PENDING,0.0
1478,CsOAc,GorlosPhos HBF4,BuCN,0.153,90,PENDING,PENDING,0.0
1477,CsOAc,PPh2Me,BuCN,0.153,90,PENDING,PENDING,0.0
1476,CsOAc,P(fur)3,BuCN,0.153,90,PENDING,PENDING,0.0
1475,KOPiv,PPhMe2,BuCN,0.153,90,PENDING,PENDING,0.0
1474,KOPiv,CgMe-PPh,BuCN,0.153,90,PENDING,PENDING,0.0
1473,KOPiv,JackiePhos,BuCN,0.153,90,PENDING,PENDING,0.0
1472,KOPiv,GorlosPhos HBF4,BuCN,0.153,90,PENDING,PENDING,0.0
1471,KOPiv,PPh2Me,BuCN,0.153,90,PENDING,PENDING,0.0
1470,KOPiv,P(fur)3,BuCN,0.153,90,PENDING,PENDING,0.0
1469,KOAc,PPhMe2,BuCN,0.153,90,PENDING,PENDING,0.0
1468,KOAc,CgMe-PPh,BuCN,0.153,90,PENDING,PENDING,0.0
1467,KOAc,JackiePhos,BuCN,0.153,90,PENDING,PENDING,0.0
1466,KOAc,GorlosPhos HBF4,BuCN,0.153,90,PENDING,PENDING,0.0
1465,KOAc,PPh2Me,BuCN,0.153,90,PENDING,PENDING,0.0
1464,KOAc,P(fur)3,BuCN,0.153,90,PENDING,PENDING,0.0
1463,CsOPiv,PPhMe2,DMAc,0.153,90,PENDING,PENDING,0.0
1462,CsOPiv,CgMe-PPh,DMAc,0.153,90,PENDING,PENDING,0.0
1461,CsOPiv,JackiePhos,DMAc,0.153,90,PENDING,PENDING,0.0
1460,CsOPiv,GorlosPhos HBF4,DMAc,0.153,90,PENDING,PENDING,0.0
1459,CsOPiv,PPh2Me,DMAc,0.153,90,PENDING,PENDING,0.0
1458,CsOPiv,P(fur)3,DMAc,0.153,90,PENDING,PENDING,0.0
1457,CsOAc,PPhMe2,DMAc,0.153,90,PENDING,PENDING,0.0
1456,CsOAc,CgMe-PPh,DMAc,0.153,90,PENDING,PENDING,0.0
1455,CsOAc,JackiePhos,DMAc,0.153,90,PENDING,PENDING,0.0
1454,CsOAc,GorlosPhos HBF4,DMAc,0.153,90,PENDING,PENDING,0.0
1453,CsOAc,PPh2Me,DMAc,0.153,90,PENDING,PENDING,0.0
1452,CsOAc,P(fur)3,DMAc,0.153,90,PENDING,PENDING,0.0
1451,KOPiv,PPhMe2,DMAc,0.153,90,PENDING,PENDING,0.0
1449,KOPiv,JackiePhos,DMAc,0.153,90,PENDING,PENDING,0.0
1448,KOPiv,GorlosPhos HBF4,DMAc,0.153,90,PENDING,PENDING,0.0
1447,KOPiv,PPh2Me,DMAc,0.153,90,PENDING,PENDING,0.0
1446,KOPiv,P(fur)3,DMAc,0.153,90,PENDING,PENDING,0.0
1445,KOAc,PPhMe2,DMAc,0.153,90,PENDING,PENDING,0.0
1444,KOAc,CgMe-PPh,DMAc,0.153,90,PENDING,PENDING,0.0
1443,KOAc,JackiePhos,DMAc,0.153,90,PENDING,PENDING,0.0
1442,KOAc,GorlosPhos HBF4,DMAc,0.153,90,PENDING,PENDING,0.0
1441,KOAc,PPh2Me,DMAc,0.153,90,PENDING,PENDING,0.0
1440,KOAc,P(fur)3,DMAc,0.153,90,PENDING,PENDING,0.0
1439,CsOPiv,PPhMe2,p-Xylene,0.057,120,PENDING,PENDING,0.0
1438,CsOPiv,CgMe-PPh,p-Xylene,0.057,120,PENDING,PENDING,0.0
1437,CsOPiv,JackiePhos,p-Xylene,0.057,120,PENDING,PENDING,0.0
1436,CsOPiv,GorlosPhos HBF4,p-Xylene,0.057,120,PENDING,PENDING,0.0
1435,CsOPiv,PPh2Me,p-Xylene,0.057,120,PENDING,PENDING,0.0
1433,CsOAc,PPhMe2,p-Xylene,0.057,120,PENDING,PENDING,0.0
1432,CsOAc,CgMe-PPh,p-Xylene,0.057,120,PENDING,PENDING,0.0
1431,CsOAc,JackiePhos,p-Xylene,0.057,120,PENDING,PENDING,0.0
1430,CsOAc,GorlosPhos HBF4,p-Xylene,0.057,120,PENDING,PENDING,0.0
1429,CsOAc,PPh2Me,p-Xylene,0.057,120,PENDING,PENDING,0.0
1428,CsOAc,P(fur)3,p-Xylene,0.057,120,PENDING,PENDING,0.0
1427,KOPiv,PPhMe2,p-Xylene,0.057,120,PENDING,PENDING,0.0
1426,KOPiv,CgMe-PPh,p-Xylene,0.057,120,PENDING,PENDING,0.0
1425,KOPiv,JackiePhos,p-Xylene,0.057,120,PENDING,PENDING,0.0
1424,KOPiv,GorlosPhos HBF4,p-Xylene,0.057,120,PENDING,PENDING,0.0
1423,KOPiv,PPh2Me,p-Xylene,0.057,120,PENDING,PENDING,0.0
1421,KOAc,PPhMe2,p-Xylene,0.057,120,PENDING,PENDING,0.0
1420,KOAc,CgMe-PPh,p-Xylene,0.057,120,PENDING,PENDING,0.0
1419,KOAc,JackiePhos,p-Xylene,0.057,120,PENDING,PENDING,0.0
1418,KOAc,GorlosPhos HBF4,p-Xylene,0.057,120,PENDING,PENDING,0.0
1417,KOAc,PPh2Me,p-Xylene,0.057,120,PENDING,PENDING,0.0
1416,KOAc,P(fur)3,p-Xylene,0.057,120,PENDING,PENDING,0.0
1415,CsOPiv,PPhMe2,BuOAc,0.057,120,PENDING,PENDING,0.0
1414,CsOPiv,CgMe-PPh,BuOAc,0.057,120,PENDING,PENDING,0.0
1413,CsOPiv,JackiePhos,BuOAc,0.057,120,PENDING,PENDING,0.0
1412,CsOPiv,GorlosPhos HBF4,BuOAc,0.057,120,PENDING,PENDING,0.0
1411,CsOPiv,PPh2Me,BuOAc,0.057,120,PENDING,PENDING,0.0
1410,CsOPiv,P(fur)3,BuOAc,0.057,120,PENDING,PENDING,0.0
1409,CsOAc,PPhMe2,BuOAc,0.057,120,PENDING,PENDING,0.0
1408,CsOAc,CgMe-PPh,BuOAc,0.057,120,PENDING,PENDING,0.0
1407,CsOAc,JackiePhos,BuOAc,0.057,120,PENDING,PENDING,0.0
1406,CsOAc,GorlosPhos HBF4,BuOAc,0.057,120,PENDING,PENDING,0.0
1405,CsOAc,PPh2Me,BuOAc,0.057,120,PENDING,PENDING,0.0
1404,CsOAc,P(fur)3,BuOAc,0.057,120,PENDING,PENDING,0.0
1403,KOPiv,PPhMe2,BuOAc,0.057,120,PENDING,PENDING,0.0
1402,KOPiv,CgMe-PPh,BuOAc,0.057,120,PENDING,PENDING,0.0
1401,KOPiv,JackiePhos,BuOAc,0.057,120,PENDING,PENDING,0.0
1400,KOPiv,GorlosPhos HBF4,BuOAc,0.057,120,PENDING,PENDING,0.0
1399,KOPiv,PPh2Me,BuOAc,0.057,120,PENDING,PENDING,0.0
1398,KOPiv,P(fur)3,BuOAc,0.057,120,PENDING,PENDING,0.0
1396,KOAc,CgMe-PPh,BuOAc,0.057,120,PENDING,PENDING,0.0
1395,KOAc,JackiePhos,BuOAc,0.057,120,PENDING,PENDING,0.0
1394,KOAc,GorlosPhos HBF4,BuOAc,0.057,120,PENDING,PENDING,0.0
1393,KOAc,PPh2Me,BuOAc,0.057,120,PENDING,PENDING,0.0
1392,KOAc,P(fur)3,BuOAc,0.057,120,PENDING,PENDING,0.0
1391,CsOPiv,PPhMe2,BuCN,0.057,120,PENDING,PENDING,0.0
1390,CsOPiv,CgMe-PPh,BuCN,0.057,120,PENDING,PENDING,0.0
1389,CsOPiv,JackiePhos,BuCN,0.057,120,PENDING,PENDING,0.0
1388,CsOPiv,GorlosPhos HBF4,BuCN,0.057,120,PENDING,PENDING,0.0
1387,CsOPiv,PPh2Me,BuCN,0.057,120,PENDING,PENDING,0.0
1386,CsOPiv,P(fur)3,BuCN,0.057,120,PENDING,PENDING,0.0
1385,CsOAc,PPhMe2,BuCN,0.057,120,PENDING,PENDING,0.0
1384,CsOAc,CgMe-PPh,BuCN,0.057,120,PENDING,PENDING,0.0
1383,CsOAc,JackiePhos,BuCN,0.057,120,PENDING,PENDING,0.0
1382,CsOAc,GorlosPhos HBF4,BuCN,0.057,120,PENDING,PENDING,0.0
1381,CsOAc,PPh2Me,BuCN,0.057,120,PENDING,PENDING,0.0
1380,CsOAc,P(fur)3,BuCN,0.057,120,PENDING,PENDING,0.0
1379,KOPiv,PPhMe2,BuCN,0.057,120,PENDING,PENDING,0.0
1378,KOPiv,CgMe-PPh,BuCN,0.057,120,PENDING,PENDING,0.0
1377,KOPiv,JackiePhos,BuCN,0.057,120,PENDING,PENDING,0.0
1376,KOPiv,GorlosPhos HBF4,BuCN,0.057,120,PENDING,PENDING,0.0
1375,KOPiv,PPh2Me,BuCN,0.057,120,PENDING,PENDING,0.0
1374,KOPiv,P(fur)3,BuCN,0.057,120,PENDING,PENDING,0.0
1373,KOAc,PPhMe2,BuCN,0.057,120,PENDING,PENDING,0.0
1372,KOAc,CgMe-PPh,BuCN,0.057,120,PENDING,PENDING,0.0
1371,KOAc,JackiePhos,BuCN,0.057,120,PENDING,PENDING,0.0
1370,KOAc,GorlosPhos HBF4,BuCN,0.057,120,PENDING,PENDING,0.0
1369,KOAc,PPh2Me,BuCN,0.057,120,PENDING,PENDING,0.0
1368,KOAc,P(fur)3,BuCN,0.057,120,PENDING,PENDING,0.0
1367,CsOPiv,PPhMe2,DMAc,0.057,120,PENDING,PENDING,0.0
1366,CsOPiv,CgMe-PPh,DMAc,0.057,120,PENDING,PENDING,0.0
1365,CsOPiv,JackiePhos,DMAc,0.057,120,PENDING,PENDING,0.0
1364,CsOPiv,GorlosPhos HBF4,DMAc,0.057,120,PENDING,PENDING,0.0
1363,CsOPiv,PPh2Me,DMAc,0.057,120,PENDING,PENDING,0.0
1362,CsOPiv,P(fur)3,DMAc,0.057,120,PENDING,PENDING,0.0
1361,CsOAc,PPhMe2,DMAc,0.057,120,PENDING,PENDING,0.0
1360,CsOAc,CgMe-PPh,DMAc,0.057,120,PENDING,PENDING,0.0
1359,CsOAc,JackiePhos,DMAc,0.057,120,PENDING,PENDING,0.0
1358,CsOAc,GorlosPhos HBF4,DMAc,0.057,120,PENDING,PENDING,0.0
1357,CsOAc,PPh2Me,DMAc,0.057,120,PENDING,PENDING,0.0
1356,CsOAc,P(fur)3,DMAc,0.057,120,PENDING,PENDING,0.0
1355,KOPiv,PPhMe2,DMAc,0.057,120,PENDING,PENDING,0.0
1353,KOPiv,JackiePhos,DMAc,0.057,120,PENDING,PENDING,0.0
1352,KOPiv,GorlosPhos HBF4,DMAc,0.057,120,PENDING,PENDING,0.0
1351,KOPiv,PPh2Me,DMAc,0.057,120,PENDING,PENDING,0.0
1350,KOPiv,P(fur)3,DMAc,0.057,120,PENDING,PENDING,0.0
1349,KOAc,PPhMe2,DMAc,0.057,120,PENDING,PENDING,0.0
1348,KOAc,CgMe-PPh,DMAc,0.057,120,PENDING,PENDING,0.0
1347,KOAc,JackiePhos,DMAc,0.057,120,PENDING,PENDING,0.0
1346,KOAc,GorlosPhos HBF4,DMAc,0.057,120,PENDING,PENDING,0.0
1345,KOAc,PPh2Me,DMAc,0.057,120,PENDING,PENDING,0.0
1344,KOAc,P(fur)3,DMAc,0.057,120,PENDING,PENDING,0.0
1343,CsOPiv,PPhMe2,p-Xylene,0.057,105,PENDING,PENDING,0.0
1342,CsOPiv,CgMe-PPh,p-Xylene,0.057,105,PENDING,PENDING,0.0
1341,CsOPiv,JackiePhos,p-Xylene,0.057,105,PENDING,PENDING,0.0
1340,CsOPiv,GorlosPhos HBF4,p-Xylene,0.057,105,PENDING,PENDING,0.0
1339,CsOPiv,PPh2Me,p-Xylene,0.057,105,PENDING,PENDING,0.0
1338,CsOPiv,P(fur)3,p-Xylene,0.057,105,PENDING,PENDING,0.0
1337,CsOAc,PPhMe2,p-Xylene,0.057,105,PENDING,PENDING,0.0
1336,CsOAc,CgMe-PPh,p-Xylene,0.057,105,PENDING,PENDING,0.0
1335,CsOAc,JackiePhos,p-Xylene,0.057,105,PENDING,PENDING,0.0
1334,CsOAc,GorlosPhos HBF4,p-Xylene,0.057,105,PENDING,PENDING,0.0
1333,CsOAc,PPh2Me,p-Xylene,0.057,105,PENDING,PENDING,0.0
1332,CsOAc,P(fur)3,p-Xylene,0.057,105,PENDING,PENDING,0.0
1331,KOPiv,PPhMe2,p-Xylene,0.057,105,PENDING,PENDING,0.0
1330,KOPiv,CgMe-PPh,p-Xylene,0.057,105,PENDING,PENDING,0.0
1329,KOPiv,JackiePhos,p-Xylene,0.057,105,PENDING,PENDING,0.0
1328,KOPiv,GorlosPhos HBF4,p-Xylene,0.057,105,PENDING,PENDING,0.0
1327,KOPiv,PPh2Me,p-Xylene,0.057,105,PENDING,PENDING,0.0
1326,KOPiv,P(fur)3,p-Xylene,0.057,105,PENDING,PENDING,0.0
1325,KOAc,PPhMe2,p-Xylene,0.057,105,PENDING,PENDING,0.0
1324,KOAc,CgMe-PPh,p-Xylene,0.057,105,PENDING,PENDING,0.0
1323,KOAc,JackiePhos,p-Xylene,0.057,105,PENDING,PENDING,0.0
1322,KOAc,GorlosPhos HBF4,p-Xylene,0.057,105,PENDING,PENDING,0.0
1321,KOAc,PPh2Me,p-Xylene,0.057,105,PENDING,PENDING,0.0
1320,KOAc,P(fur)3,p-Xylene,0.057,105,PENDING,PENDING,0.0
1319,CsOPiv,PPhMe2,BuOAc,0.057,105,PENDING,PENDING,0.0
1318,CsOPiv,CgMe-PPh,BuOAc,0.057,105,PENDING,PENDING,0.0
1317,CsOPiv,JackiePhos,BuOAc,0.057,105,PENDING,PENDING,0.0
1316,CsOPiv,GorlosPhos HBF4,BuOAc,0.057,105,PENDING,PENDING,0.0
1315,CsOPiv,PPh2Me,BuOAc,0.057,105,PENDING,PENDING,0.0
1314,CsOPiv,P(fur)3,BuOAc,0.057,105,PENDING,PENDING,0.0
1313,CsOAc,PPhMe2,BuOAc,0.057,105,PENDING,PENDING,0.0
1312,CsOAc,CgMe-PPh,BuOAc,0.057,105,PENDING,PENDING,0.0
1311,CsOAc,JackiePhos,BuOAc,0.057,105,PENDING,PENDING,0.0
1310,CsOAc,GorlosPhos HBF4,BuOAc,0.057,105,PENDING,PENDING,0.0
1309,CsOAc,PPh2Me,BuOAc,0.057,105,PENDING,PENDING,0.0
1308,CsOAc,P(fur)3,BuOAc,0.057,105,PENDING,PENDING,0.0
1307,KOPiv,PPhMe2,BuOAc,0.057,105,PENDING,PENDING,0.0
1306,KOPiv,CgMe-PPh,BuOAc,0.057,105,PENDING,PENDING,0.0
1305,KOPiv,JackiePhos,BuOAc,0.057,105,PENDING,PENDING,0.0
1304,KOPiv,GorlosPhos HBF4,BuOAc,0.057,105,PENDING,PENDING,0.0
1303,KOPiv,PPh2Me,BuOAc,0.057,105,PENDING,PENDING,0.0
1302,KOPiv,P(fur)3,BuOAc,0.057,105,PENDING,PENDING,0.0
1301,KOAc,PPhMe2,BuOAc,0.057,105,PENDING,PENDING,0.0
1300,KOAc,CgMe-PPh,BuOAc,0.057,105,PENDING,PENDING,0.0
1299,KOAc,JackiePhos,BuOAc,0.057,105,PENDING,PENDING,0.0
1298,KOAc,GorlosPhos HBF4,BuOAc,0.057,105,PENDING,PENDING,0.0
1297,KOAc,PPh2Me,BuOAc,0.057,105,PENDING,PENDING,0.0
1296,KOAc,P(fur)3,BuOAc,0.057,105,PENDING,PENDING,0.0
1295,CsOPiv,PPhMe2,BuCN,0.057,105,PENDING,PENDING,0.0
1294,CsOPiv,CgMe-PPh,BuCN,0.057,105,PENDING,PENDING,0.0
1293,CsOPiv,JackiePhos,BuCN,0.057,105,PENDING,PENDING,0.0
1292,CsOPiv,GorlosPhos HBF4,BuCN,0.057,105,PENDING,PENDING,0.0
1291,CsOPiv,PPh2Me,BuCN,0.057,105,PENDING,PENDING,0.0
1290,CsOPiv,P(fur)3,BuCN,0.057,105,PENDING,PENDING,0.0
1289,CsOAc,PPhMe2,BuCN,0.057,105,PENDING,PENDING,0.0
1288,CsOAc,CgMe-PPh,BuCN,0.057,105,PENDING,PENDING,0.0
1287,CsOAc,JackiePhos,BuCN,0.057,105,PENDING,PENDING,0.0
1286,CsOAc,GorlosPhos HBF4,BuCN,0.057,105,PENDING,PENDING,0.0
1285,CsOAc,PPh2Me,BuCN,0.057,105,PENDING,PENDING,0.0
1284,CsOAc,P(fur)3,BuCN,0.057,105,PENDING,PENDING,0.0
1283,KOPiv,PPhMe2,BuCN,0.057,105,PENDING,PENDING,0.0
1282,KOPiv,CgMe-PPh,BuCN,0.057,105,PENDING,PENDING,0.0
1281,KOPiv,JackiePhos,BuCN,0.057,105,PENDING,PENDING,0.0
1280,KOPiv,GorlosPhos HBF4,BuCN,0.057,105,PENDING,PENDING,0.0
1279,KOPiv,PPh2Me,BuCN,0.057,105,PENDING,PENDING,0.0
1278,KOPiv,P(fur)3,BuCN,0.057,105,PENDING,PENDING,0.0
1277,KOAc,PPhMe2,BuCN,0.057,105,PENDING,PENDING,0.0
1276,KOAc,CgMe-PPh,BuCN,0.057,105,PENDING,PENDING,0.0
1275,KOAc,JackiePhos,BuCN,0.057,105,PENDING,PENDING,0.0
1274,KOAc,GorlosPhos HBF4,BuCN,0.057,105,PENDING,PENDING,0.0
1273,KOAc,PPh2Me,BuCN,0.057,105,PENDING,PENDING,0.0
1272,KOAc,P(fur)3,BuCN,0.057,105,PENDING,PENDING,0.0
1271,CsOPiv,PPhMe2,DMAc,0.057,105,PENDING,PENDING,0.0
1270,CsOPiv,CgMe-PPh,DMAc,0.057,105,PENDING,PENDING,0.0
1269,CsOPiv,JackiePhos,DMAc,0.057,105,PENDING,PENDING,0.0
1268,CsOPiv,GorlosPhos HBF4,DMAc,0.057,105,PENDING,PENDING,0.0
1267,CsOPiv,PPh2Me,DMAc,0.057,105,PENDING,PENDING,0.0
1266,CsOPiv,P(fur)3,DMAc,0.057,105,PENDING,PENDING,0.0
1265,CsOAc,PPhMe2,DMAc,0.057,105,PENDING,PENDING,0.0
1264,CsOAc,CgMe-PPh,DMAc,0.057,105,PENDING,PENDING,0.0
1263,CsOAc,JackiePhos,DMAc,0.057,105,PENDING,PENDING,0.0
1262,CsOAc,GorlosPhos HBF4,DMAc,0.057,105,PENDING,PENDING,0.0
1261,CsOAc,PPh2Me,DMAc,0.057,105,PENDING,PENDING,0.0
1260,CsOAc,P(fur)3,DMAc,0.057,105,PENDING,PENDING,0.0
1259,KOPiv,PPhMe2,DMAc,0.057,105,PENDING,PENDING,0.0
1258,KOPiv,CgMe-PPh,DMAc,0.057,105,PENDING,PENDING,0.0
1257,KOPiv,JackiePhos,DMAc,0.057,105,PENDING,PENDING,0.0
1256,KOPiv,GorlosPhos HBF4,DMAc,0.057,105,PENDING,PENDING,0.0
1255,KOPiv,PPh2Me,DMAc,0.057,105,PENDING,PENDING,0.0
1254,KOPiv,P(fur)3,DMAc,0.057,105,PENDING,PENDING,0.0
1253,KOAc,PPhMe2,DMAc,0.057,105,PENDING,PENDING,0.0
1252,KOAc,CgMe-PPh,DMAc,0.057,105,PENDING,PENDING,0.0
1251,KOAc,JackiePhos,DMAc,0.057,105,PENDING,PENDING,0.0
1250,KOAc,GorlosPhos HBF4,DMAc,0.057,105,PENDING,PENDING,0.0
1249,KOAc,PPh2Me,DMAc,0.057,105,PENDING,PENDING,0.0
1248,KOAc,P(fur)3,DMAc,0.057,105,PENDING,PENDING,0.0
1247,CsOPiv,PPhMe2,p-Xylene,0.057,90,PENDING,PENDING,0.0
1246,CsOPiv,CgMe-PPh,p-Xylene,0.057,90,PENDING,PENDING,0.0
1245,CsOPiv,JackiePhos,p-Xylene,0.057,90,PENDING,PENDING,0.0
1244,CsOPiv,GorlosPhos HBF4,p-Xylene,0.057,90,PENDING,PENDING,0.0
1243,CsOPiv,PPh2Me,p-Xylene,0.057,90,PENDING,PENDING,0.0
1242,CsOPiv,P(fur)3,p-Xylene,0.057,90,PENDING,PENDING,0.0
1241,CsOAc,PPhMe2,p-Xylene,0.057,90,PENDING,PENDING,0.0
1240,CsOAc,CgMe-PPh,p-Xylene,0.057,90,PENDING,PENDING,0.0
1239,CsOAc,JackiePhos,p-Xylene,0.057,90,PENDING,PENDING,0.0
1238,CsOAc,GorlosPhos HBF4,p-Xylene,0.057,90,PENDING,PENDING,0.0
1237,CsOAc,PPh2Me,p-Xylene,0.057,90,PENDING,PENDING,0.0
1236,CsOAc,P(fur)3,p-Xylene,0.057,90,PENDING,PENDING,0.0
1235,KOPiv,PPhMe2,p-Xylene,0.057,90,PENDING,PENDING,0.0
1234,KOPiv,CgMe-PPh,p-Xylene,0.057,90,PENDING,PENDING,0.0
1233,KOPiv,JackiePhos,p-Xylene,0.057,90,PENDING,PENDING,0.0
1232,KOPiv,GorlosPhos HBF4,p-Xylene,0.057,90,PENDING,PENDING,0.0
1231,KOPiv,PPh2Me,p-Xylene,0.057,90,PENDING,PENDING,0.0
1230,KOPiv,P(fur)3,p-Xylene,0.057,90,PENDING,PENDING,0.0
1229,KOAc,PPhMe2,p-Xylene,0.057,90,PENDING,PENDING,0.0
1228,KOAc,CgMe-PPh,p-Xylene,0.057,90,PENDING,PENDING,0.0
1227,KOAc,JackiePhos,p-Xylene,0.057,90,PENDING,PENDING,0.0
1226,KOAc,GorlosPhos HBF4,p-Xylene,0.057,90,PENDING,PENDING,0.0
1225,KOAc,PPh2Me,p-Xylene,0.057,90,PENDING,PENDING,0.0
1224,KOAc,P(fur)3,p-Xylene,0.057,90,PENDING,PENDING,0.0
1223,CsOPiv,PPhMe2,BuOAc,0.057,90,PENDING,PENDING,0.0
1222,CsOPiv,CgMe-PPh,BuOAc,0.057,90,PENDING,PENDING,0.0
1221,CsOPiv,JackiePhos,BuOAc,0.057,90,PENDING,PENDING,0.0
1220,CsOPiv,GorlosPhos HBF4,BuOAc,0.057,90,PENDING,PENDING,0.0
1219,CsOPiv,PPh2Me,BuOAc,0.057,90,PENDING,PENDING,0.0
1218,CsOPiv,P(fur)3,BuOAc,0.057,90,PENDING,PENDING,0.0
1217,CsOAc,PPhMe2,BuOAc,0.057,90,PENDING,PENDING,0.0
1216,CsOAc,CgMe-PPh,BuOAc,0.057,90,PENDING,PENDING,0.0
1215,CsOAc,JackiePhos,BuOAc,0.057,90,PENDING,PENDING,0.0
1214,CsOAc,GorlosPhos HBF4,BuOAc,0.057,90,PENDING,PENDING,0.0
1213,CsOAc,PPh2Me,BuOAc,0.057,90,PENDING,PENDING,0.0
1212,CsOAc,P(fur)3,BuOAc,0.057,90,PENDING,PENDING,0.0
1211,KOPiv,PPhMe2,BuOAc,0.057,90,PENDING,PENDING,0.0
1210,KOPiv,CgMe-PPh,BuOAc,0.057,90,PENDING,PENDING,0.0
1209,KOPiv,JackiePhos,BuOAc,0.057,90,PENDING,PENDING,0.0
1208,KOPiv,GorlosPhos HBF4,BuOAc,0.057,90,PENDING,PENDING,0.0
1207,KOPiv,PPh2Me,BuOAc,0.057,90,PENDING,PENDING,0.0
1206,KOPiv,P(fur)3,BuOAc,0.057,90,PENDING,PENDING,0.0
1205,KOAc,PPhMe2,BuOAc,0.057,90,PENDING,PENDING,0.0
1204,KOAc,CgMe-PPh,BuOAc,0.057,90,PENDING,PENDING,0.0
1203,KOAc,JackiePhos,BuOAc,0.057,90,PENDING,PENDING,0.0
1202,KOAc,GorlosPhos HBF4,BuOAc,0.057,90,PENDING,PENDING,0.0
1201,KOAc,PPh2Me,BuOAc,0.057,90,PENDING,PENDING,0.0
1200,KOAc,P(fur)3,BuOAc,0.057,90,PENDING,PENDING,0.0
1199,CsOPiv,PPhMe2,BuCN,0.057,90,PENDING,PENDING,0.0
1198,CsOPiv,CgMe-PPh,BuCN,0.057,90,PENDING,PENDING,0.0
1197,CsOPiv,JackiePhos,BuCN,0.057,90,PENDING,PENDING,0.0
1196,CsOPiv,GorlosPhos HBF4,BuCN,0.057,90,PENDING,PENDING,0.0
1195,CsOPiv,PPh2Me,BuCN,0.057,90,PENDING,PENDING,0.0
1194,CsOPiv,P(fur)3,BuCN,0.057,90,PENDING,PENDING,0.0
1193,CsOAc,PPhMe2,BuCN,0.057,90,PENDING,PENDING,0.0
1192,CsOAc,CgMe-PPh,BuCN,0.057,90,PENDING,PENDING,0.0
1191,CsOAc,JackiePhos,BuCN,0.057,90,PENDING,PENDING,0.0
1190,CsOAc,GorlosPhos HBF4,BuCN,0.057,90,PENDING,PENDING,0.0
1189,CsOAc,PPh2Me,BuCN,0.057,90,PENDING,PENDING,0.0
1188,CsOAc,P(fur)3,BuCN,0.057,90,PENDING,PENDING,0.0
1187,KOPiv,PPhMe2,BuCN,0.057,90,PENDING,PENDING,0.0
1186,KOPiv,CgMe-PPh,BuCN,0.057,90,PENDING,PENDING,0.0
1185,KOPiv,JackiePhos,BuCN,0.057,90,PENDING,PENDING,0.0
1184,KOPiv,GorlosPhos HBF4,BuCN,0.057,90,PENDING,PENDING,0.0
1183,KOPiv,PPh2Me,BuCN,0.057,90,PENDING,PENDING,0.0
1182,KOPiv,P(fur)3,BuCN,0.057,90,PENDING,PENDING,0.0
1181,KOAc,PPhMe2,BuCN,0.057,90,PENDING,PENDING,0.0
1180,KOAc,CgMe-PPh,BuCN,0.057,90,PENDING,PENDING,0.0
1179,KOAc,JackiePhos,BuCN,0.057,90,PENDING,PENDING,0.0
1178,KOAc,GorlosPhos HBF4,BuCN,0.057,90,PENDING,PENDING,0.0
1177,KOAc,PPh2Me,BuCN,0.057,90,PENDING,PENDING,0.0
1176,KOAc,P(fur)3,BuCN,0.057,90,PENDING,PENDING,0.0
1175,CsOPiv,PPhMe2,DMAc,0.057,90,PENDING,PENDING,0.0
1174,CsOPiv,CgMe-PPh,DMAc,0.057,90,PENDING,PENDING,0.0
1173,CsOPiv,JackiePhos,DMAc,0.057,90,PENDING,PENDING,0.0
1172,CsOPiv,GorlosPhos HBF4,DMAc,0.057,90,PENDING,PENDING,0.0
1171,CsOPiv,PPh2Me,DMAc,0.057,90,PENDING,PENDING,0.0
1170,CsOPiv,P(fur)3,DMAc,0.057,90,PENDING,PENDING,0.0
1169,CsOAc,PPhMe2,DMAc,0.057,90,PENDING,PENDING,0.0
1168,CsOAc,CgMe-PPh,DMAc,0.057,90,PENDING,PENDING,0.0
1167,CsOAc,JackiePhos,DMAc,0.057,90,PENDING,PENDING,0.0
1166,CsOAc,GorlosPhos HBF4,DMAc,0.057,90,PENDING,PENDING,0.0
1165,CsOAc,PPh2Me,DMAc,0.057,90,PENDING,PENDING,0.0
1164,CsOAc,P(fur)3,DMAc,0.057,90,PENDING,PENDING,0.0
1163,KOPiv,PPhMe2,DMAc,0.057,90,PENDING,PENDING,0.0
1162,KOPiv,CgMe-PPh,DMAc,0.057,90,PENDING,PENDING,0.0
1161,KOPiv,JackiePhos,DMAc,0.057,90,PENDING,PENDING,0.0
1160,KOPiv,GorlosPhos HBF4,DMAc,0.057,90,PENDING,PENDING,0.0
1159,KOPiv,PPh2Me,DMAc,0.057,90,PENDING,PENDING,0.0
1158,KOPiv,P(fur)3,DMAc,0.057,90,PENDING,PENDING,0.0
1157,KOAc,PPhMe2,DMAc,0.057,90,PENDING,PENDING,0.0
1156,KOAc,CgMe-PPh,DMAc,0.057,90,PENDING,PENDING,0.0
1155,KOAc,JackiePhos,DMAc,0.057,90,PENDING,PENDING,0.0
1154,KOAc,GorlosPhos HBF4,DMAc,0.057,90,PENDING,PENDING,0.0
1153,KOAc,PPh2Me,DMAc,0.057,90,PENDING,PENDING,0.0
1152,KOAc,P(fur)3,DMAc,0.057,90,PENDING,PENDING,0.0
1151,CsOPiv,PPhMe2,p-Xylene,0.1,120,PENDING,PENDING,0.0
1150,CsOPiv,CgMe-PPh,p-Xylene,0.1,120,PENDING,PENDING,0.0
1149,CsOPiv,JackiePhos,p-Xylene,0.1,120,PENDING,PENDING,0.0
1148,CsOPiv,GorlosPhos HBF4,p-Xylene,0.1,120,PENDING,PENDING,0.0
1147,CsOPiv,PPh2Me,p-Xylene,0.1,120,PENDING,PENDING,0.0
1146,CsOPiv,P(fur)3,p-Xylene,0.1,120,PENDING,PENDING,0.0
1145,CsOAc,PPhMe2,p-Xylene,0.1,120,PENDING,PENDING,0.0
1144,CsOAc,CgMe-PPh,p-Xylene,0.1,120,PENDING,PENDING,0.0
1143,CsOAc,JackiePhos,p-Xylene,0.1,120,PENDING,PENDING,0.0
1142,CsOAc,GorlosPhos HBF4,p-Xylene,0.1,120,PENDING,PENDING,0.0
1141,CsOAc,PPh2Me,p-Xylene,0.1,120,PENDING,PENDING,0.0
1140,CsOAc,P(fur)3,p-Xylene,0.1,120,PENDING,PENDING,0.0
1139,KOPiv,PPhMe2,p-Xylene,0.1,120,PENDING,PENDING,0.0
1138,KOPiv,CgMe-PPh,p-Xylene,0.1,120,PENDING,PENDING,0.0
1137,KOPiv,JackiePhos,p-Xylene,0.1,120,PENDING,PENDING,0.0
1136,KOPiv,GorlosPhos HBF4,p-Xylene,0.1,120,PENDING,PENDING,0.0
1135,KOPiv,PPh2Me,p-Xylene,0.1,120,PENDING,PENDING,0.0
1134,KOPiv,P(fur)3,p-Xylene,0.1,120,PENDING,PENDING,0.0
1133,KOAc,PPhMe2,p-Xylene,0.1,120,PENDING,PENDING,0.0
1132,KOAc,CgMe-PPh,p-Xylene,0.1,120,PENDING,PENDING,0.0
1131,KOAc,JackiePhos,p-Xylene,0.1,120,PENDING,PENDING,0.0
1130,KOAc,GorlosPhos HBF4,p-Xylene,0.1,120,PENDING,PENDING,0.0
1129,KOAc,PPh2Me,p-Xylene,0.1,120,PENDING,PENDING,0.0
1128,KOAc,P(fur)3,p-Xylene,0.1,120,PENDING,PENDING,0.0
1127,CsOPiv,PPhMe2,BuOAc,0.1,120,PENDING,PENDING,0.0
1126,CsOPiv,CgMe-PPh,BuOAc,0.1,120,PENDING,PENDING,0.0
1125,CsOPiv,JackiePhos,BuOAc,0.1,120,PENDING,PENDING,0.0
1124,CsOPiv,GorlosPhos HBF4,BuOAc,0.1,120,PENDING,PENDING,0.0
1123,CsOPiv,PPh2Me,BuOAc,0.1,120,PENDING,PENDING,0.0
1122,CsOPiv,P(fur)3,BuOAc,0.1,120,PENDING,PENDING,0.0
1121,CsOAc,PPhMe2,BuOAc,0.1,120,PENDING,PENDING,0.0
1120,CsOAc,CgMe-PPh,BuOAc,0.1,120,PENDING,PENDING,0.0
1119,CsOAc,JackiePhos,BuOAc,0.1,120,PENDING,PENDING,0.0
1118,CsOAc,GorlosPhos HBF4,BuOAc,0.1,120,PENDING,PENDING,0.0
1117,CsOAc,PPh2Me,BuOAc,0.1,120,PENDING,PENDING,0.0
1116,CsOAc,P(fur)3,BuOAc,0.1,120,PENDING,PENDING,0.0
1115,KOPiv,PPhMe2,BuOAc,0.1,120,PENDING,PENDING,0.0
1114,KOPiv,CgMe-PPh,BuOAc,0.1,120,PENDING,PENDING,0.0
1113,KOPiv,JackiePhos,BuOAc,0.1,120,PENDING,PENDING,0.0
1112,KOPiv,GorlosPhos HBF4,BuOAc,0.1,120,PENDING,PENDING,0.0
1111,KOPiv,PPh2Me,BuOAc,0.1,120,PENDING,PENDING,0.0
1110,KOPiv,P(fur)3,BuOAc,0.1,120,PENDING,PENDING,0.0
1109,KOAc,PPhMe2,BuOAc,0.1,120,PENDING,PENDING,0.0
1108,KOAc,CgMe-PPh,BuOAc,0.1,120,PENDING,PENDING,0.0
1107,KOAc,JackiePhos,BuOAc,0.1,120,PENDING,PENDING,0.0
1106,KOAc,GorlosPhos HBF4,BuOAc,0.1,120,PENDING,PENDING,0.0
1105,KOAc,PPh2Me,BuOAc,0.1,120,PENDING,PENDING,0.0
1104,KOAc,P(fur)3,BuOAc,0.1,120,PENDING,PENDING,0.0
1103,CsOPiv,PPhMe2,BuCN,0.1,120,PENDING,PENDING,0.0
1102,CsOPiv,CgMe-PPh,BuCN,0.1,120,PENDING,PENDING,0.0
1101,CsOPiv,JackiePhos,BuCN,0.1,120,PENDING,PENDING,0.0
1100,CsOPiv,GorlosPhos HBF4,BuCN,0.1,120,PENDING,PENDING,0.0
1099,CsOPiv,PPh2Me,BuCN,0.1,120,PENDING,PENDING,0.0
1098,CsOPiv,P(fur)3,BuCN,0.1,120,PENDING,PENDING,0.0
1097,CsOAc,PPhMe2,BuCN,0.1,120,PENDING,PENDING,0.0
1096,CsOAc,CgMe-PPh,BuCN,0.1,120,PENDING,PENDING,0.0
1095,CsOAc,JackiePhos,BuCN,0.1,120,PENDING,PENDING,0.0
1094,CsOAc,GorlosPhos HBF4,BuCN,0.1,120,PENDING,PENDING,0.0
1093,CsOAc,PPh2Me,BuCN,0.1,120,PENDING,PENDING,0.0
1092,CsOAc,P(fur)3,BuCN,0.1,120,PENDING,PENDING,0.0
1091,KOPiv,PPhMe2,BuCN,0.1,120,PENDING,PENDING,0.0
1090,KOPiv,CgMe-PPh,BuCN,0.1,120,PENDING,PENDING,0.0
1089,KOPiv,JackiePhos,BuCN,0.1,120,PENDING,PENDING,0.0
1088,KOPiv,GorlosPhos HBF4,BuCN,0.1,120,PENDING,PENDING,0.0
1087,KOPiv,PPh2Me,BuCN,0.1,120,PENDING,PENDING,0.0
1086,KOPiv,P(fur)3,BuCN,0.1,120,PENDING,PENDING,0.0
1085,KOAc,PPhMe2,BuCN,0.1,120,PENDING,PENDING,0.0
1084,KOAc,CgMe-PPh,BuCN,0.1,120,PENDING,PENDING,0.0
1083,KOAc,JackiePhos,BuCN,0.1,120,PENDING,PENDING,0.0
1082,KOAc,GorlosPhos HBF4,BuCN,0.1,120,PENDING,PENDING,0.0
1081,KOAc,PPh2Me,BuCN,0.1,120,PENDING,PENDING,0.0
1080,KOAc,P(fur)3,BuCN,0.1,120,PENDING,PENDING,0.0
1079,CsOPiv,PPhMe2,DMAc,0.1,120,PENDING,PENDING,0.0
1078,CsOPiv,CgMe-PPh,DMAc,0.1,120,PENDING,PENDING,0.0
1077,CsOPiv,JackiePhos,DMAc,0.1,120,PENDING,PENDING,0.0
1076,CsOPiv,GorlosPhos HBF4,DMAc,0.1,120,PENDING,PENDING,0.0
1075,CsOPiv,PPh2Me,DMAc,0.1,120,PENDING,PENDING,0.0
1074,CsOPiv,P(fur)3,DMAc,0.1,120,PENDING,PENDING,0.0
1073,CsOAc,PPhMe2,DMAc,0.1,120,PENDING,PENDING,0.0
1072,CsOAc,CgMe-PPh,DMAc,0.1,120,PENDING,PENDING,0.0
1071,CsOAc,JackiePhos,DMAc,0.1,120,PENDING,PENDING,0.0
1070,CsOAc,GorlosPhos HBF4,DMAc,0.1,120,PENDING,PENDING,0.0
1069,CsOAc,PPh2Me,DMAc,0.1,120,PENDING,PENDING,0.0
1068,CsOAc,P(fur)3,DMAc,0.1,120,PENDING,PENDING,0.0
1067,KOPiv,PPhMe2,DMAc,0.1,120,PENDING,PENDING,0.0
1066,KOPiv,CgMe-PPh,DMAc,0.1,120,PENDING,PENDING,0.0
1065,KOPiv,JackiePhos,DMAc,0.1,120,PENDING,PENDING,0.0
1064,KOPiv,GorlosPhos HBF4,DMAc,0.1,120,PENDING,PENDING,0.0
1063,KOPiv,PPh2Me,DMAc,0.1,120,PENDING,PENDING,0.0
1061,KOAc,PPhMe2,DMAc,0.1,120,PENDING,PENDING,0.0
1060,KOAc,CgMe-PPh,DMAc,0.1,120,PENDING,PENDING,0.0
1059,KOAc,JackiePhos,DMAc,0.1,120,PENDING,PENDING,0.0
1058,KOAc,GorlosPhos HBF4,DMAc,0.1,120,PENDING,PENDING,0.0
1057,KOAc,PPh2Me,DMAc,0.1,120,PENDING,PENDING,0.0
1056,KOAc,P(fur)3,DMAc,0.1,120,PENDING,PENDING,0.0
1055,CsOPiv,PPhMe2,p-Xylene,0.1,105,PENDING,PENDING,0.0
1054,CsOPiv,CgMe-PPh,p-Xylene,0.1,105,PENDING,PENDING,0.0
1053,CsOPiv,JackiePhos,p-Xylene,0.1,105,PENDING,PENDING,0.0
1052,CsOPiv,GorlosPhos HBF4,p-Xylene,0.1,105,PENDING,PENDING,0.0
1051,CsOPiv,PPh2Me,p-Xylene,0.1,105,PENDING,PENDING,0.0
1050,CsOPiv,P(fur)3,p-Xylene,0.1,105,PENDING,PENDING,0.0
1049,CsOAc,PPhMe2,p-Xylene,0.1,105,PENDING,PENDING,0.0
1048,CsOAc,CgMe-PPh,p-Xylene,0.1,105,PENDING,PENDING,0.0
1047,CsOAc,JackiePhos,p-Xylene,0.1,105,PENDING,PENDING,0.0
1046,CsOAc,GorlosPhos HBF4,p-Xylene,0.1,105,PENDING,PENDING,0.0
1045,CsOAc,PPh2Me,p-Xylene,0.1,105,PENDING,PENDING,0.0
1044,CsOAc,P(fur)3,p-Xylene,0.1,105,PENDING,PENDING,0.0
1043,KOPiv,PPhMe2,p-Xylene,0.1,105,PENDING,PENDING,0.0
1042,KOPiv,CgMe-PPh,p-Xylene,0.1,105,PENDING,PENDING,0.0
1041,KOPiv,JackiePhos,p-Xylene,0.1,105,PENDING,PENDING,0.0
1040,KOPiv,GorlosPhos HBF4,p-Xylene,0.1,105,PENDING,PENDING,0.0
1038,KOPiv,P(fur)3,p-Xylene,0.1,105,PENDING,PENDING,0.0
1037,KOAc,PPhMe2,p-Xylene,0.1,105,PENDING,PENDING,0.0
1036,KOAc,CgMe-PPh,p-Xylene,0.1,105,PENDING,PENDING,0.0
1035,KOAc,JackiePhos,p-Xylene,0.1,105,PENDING,PENDING,0.0
1034,KOAc,GorlosPhos HBF4,p-Xylene,0.1,105,PENDING,PENDING,0.0
1033,KOAc,PPh2Me,p-Xylene,0.1,105,PENDING,PENDING,0.0
1032,KOAc,P(fur)3,p-Xylene,0.1,105,PENDING,PENDING,0.0
1031,CsOPiv,PPhMe2,BuOAc,0.1,105,PENDING,PENDING,0.0
1030,CsOPiv,CgMe-PPh,BuOAc,0.1,105,PENDING,PENDING,0.0
1029,CsOPiv,JackiePhos,BuOAc,0.1,105,PENDING,PENDING,0.0
1028,CsOPiv,GorlosPhos HBF4,BuOAc,0.1,105,PENDING,PENDING,0.0
1027,CsOPiv,PPh2Me,BuOAc,0.1,105,PENDING,PENDING,0.0
1026,CsOPiv,P(fur)3,BuOAc,0.1,105,PENDING,PENDING,0.0
1025,CsOAc,PPhMe2,BuOAc,0.1,105,PENDING,PENDING,0.0
1024,CsOAc,CgMe-PPh,BuOAc,0.1,105,PENDING,PENDING,0.0
1023,CsOAc,JackiePhos,BuOAc,0.1,105,PENDING,PENDING,0.0
1022,CsOAc,GorlosPhos HBF4,BuOAc,0.1,105,PENDING,PENDING,0.0
1021,CsOAc,PPh2Me,BuOAc,0.1,105,PENDING,PENDING,0.0
1020,CsOAc,P(fur)3,BuOAc,0.1,105,PENDING,PENDING,0.0
1019,KOPiv,PPhMe2,BuOAc,0.1,105,PENDING,PENDING,0.0
1018,KOPiv,CgMe-PPh,BuOAc,0.1,105,PENDING,PENDING,0.0
1017,KOPiv,JackiePhos,BuOAc,0.1,105,PENDING,PENDING,0.0
1016,KOPiv,GorlosPhos HBF4,BuOAc,0.1,105,PENDING,PENDING,0.0
1015,KOPiv,PPh2Me,BuOAc,0.1,105,PENDING,PENDING,0.0
1014,KOPiv,P(fur)3,BuOAc,0.1,105,PENDING,PENDING,0.0
1013,KOAc,PPhMe2,BuOAc,0.1,105,PENDING,PENDING,0.0
1012,KOAc,CgMe-PPh,BuOAc,0.1,105,PENDING,PENDING,0.0
1011,KOAc,JackiePhos,BuOAc,0.1,105,PENDING,PENDING,0.0
1009,KOAc,PPh2Me,BuOAc,0.1,105,PENDING,PENDING,0.0
1008,KOAc,P(fur)3,BuOAc,0.1,105,PENDING,PENDING,0.0
1007,CsOPiv,PPhMe2,BuCN,0.1,105,PENDING,PENDING,0.0
1006,CsOPiv,CgMe-PPh,BuCN,0.1,105,PENDING,PENDING,0.0
1005,CsOPiv,JackiePhos,BuCN,0.1,105,PENDING,PENDING,0.0
1004,CsOPiv,GorlosPhos HBF4,BuCN,0.1,105,PENDING,PENDING,0.0
1003,CsOPiv,PPh2Me,BuCN,0.1,105,PENDING,PENDING,0.0
1002,CsOPiv,P(fur)3,BuCN,0.1,105,PENDING,PENDING,0.0
1001,CsOAc,PPhMe2,BuCN,0.1,105,PENDING,PENDING,0.0
1000,CsOAc,CgMe-PPh,BuCN,0.1,105,PENDING,PENDING,0.0
999,CsOAc,JackiePhos,BuCN,0.1,105,PENDING,PENDING,0.0
998,CsOAc,GorlosPhos HBF4,BuCN,0.1,105,PENDING,PENDING,0.0
997,CsOAc,PPh2Me,BuCN,0.1,105,PENDING,PENDING,0.0
996,CsOAc,P(fur)3,BuCN,0.1,105,PENDING,PENDING,0.0
995,KOPiv,PPhMe2,BuCN,0.1,105,PENDING,PENDING,0.0
994,KOPiv,CgMe-PPh,BuCN,0.1,105,PENDING,PENDING,0.0
993,KOPiv,JackiePhos,BuCN,0.1,105,PENDING,PENDING,0.0
992,KOPiv,GorlosPhos HBF4,BuCN,0.1,105,PENDING,PENDING,0.0
991,KOPiv,PPh2Me,BuCN,0.1,105,PENDING,PENDING,0.0
990,KOPiv,P(fur)3,BuCN,0.1,105,PENDING,PENDING,0.0
989,KOAc,PPhMe2,BuCN,0.1,105,PENDING,PENDING,0.0
988,KOAc,CgMe-PPh,BuCN,0.1,105,PENDING,PENDING,0.0
987,KOAc,JackiePhos,BuCN,0.1,105,PENDING,PENDING,0.0
986,KOAc,GorlosPhos HBF4,BuCN,0.1,105,PENDING,PENDING,0.0
985,KOAc,PPh2Me,BuCN,0.1,105,PENDING,PENDING,0.0
984,KOAc,P(fur)3,BuCN,0.1,105,PENDING,PENDING,0.0
983,CsOPiv,PPhMe2,DMAc,0.1,105,PENDING,PENDING,0.0
982,CsOPiv,CgMe-PPh,DMAc,0.1,105,PENDING,PENDING,0.0
981,CsOPiv,JackiePhos,DMAc,0.1,105,PENDING,PENDING,0.0
980,CsOPiv,GorlosPhos HBF4,DMAc,0.1,105,PENDING,PENDING,0.0
979,CsOPiv,PPh2Me,DMAc,0.1,105,PENDING,PENDING,0.0
978,CsOPiv,P(fur)3,DMAc,0.1,105,PENDING,PENDING,0.0
977,CsOAc,PPhMe2,DMAc,0.1,105,PENDING,PENDING,0.0
976,CsOAc,CgMe-PPh,DMAc,0.1,105,PENDING,PENDING,0.0
975,CsOAc,JackiePhos,DMAc,0.1,105,PENDING,PENDING,0.0
974,CsOAc,GorlosPhos HBF4,DMAc,0.1,105,PENDING,PENDING,0.0
973,CsOAc,PPh2Me,DMAc,0.1,105,PENDING,PENDING,0.0
972,CsOAc,P(fur)3,DMAc,0.1,105,PENDING,PENDING,0.0
971,KOPiv,PPhMe2,DMAc,0.1,105,PENDING,PENDING,0.0
970,KOPiv,CgMe-PPh,DMAc,0.1,105,PENDING,PENDING,0.0
969,KOPiv,JackiePhos,DMAc,0.1,105,PENDING,PENDING,0.0
968,KOPiv,GorlosPhos HBF4,DMAc,0.1,105,PENDING,PENDING,0.0
967,KOPiv,PPh2Me,DMAc,0.1,105,PENDING,PENDING,0.0
965,KOAc,PPhMe2,DMAc,0.1,105,PENDING,PENDING,0.0
964,KOAc,CgMe-PPh,DMAc,0.1,105,PENDING,PENDING,0.0
963,KOAc,JackiePhos,DMAc,0.1,105,PENDING,PENDING,0.0
962,KOAc,GorlosPhos HBF4,DMAc,0.1,105,PENDING,PENDING,0.0
961,KOAc,PPh2Me,DMAc,0.1,105,PENDING,PENDING,0.0
960,KOAc,P(fur)3,DMAc,0.1,105,PENDING,PENDING,0.0
959,CsOPiv,PPhMe2,p-Xylene,0.1,90,PENDING,PENDING,0.0
958,CsOPiv,CgMe-PPh,p-Xylene,0.1,90,PENDING,PENDING,0.0
957,CsOPiv,JackiePhos,p-Xylene,0.1,90,PENDING,PENDING,0.0
956,CsOPiv,GorlosPhos HBF4,p-Xylene,0.1,90,PENDING,PENDING,0.0
955,CsOPiv,PPh2Me,p-Xylene,0.1,90,PENDING,PENDING,0.0
954,CsOPiv,P(fur)3,p-Xylene,0.1,90,PENDING,PENDING,0.0
953,CsOAc,PPhMe2,p-Xylene,0.1,90,PENDING,PENDING,0.0
952,CsOAc,CgMe-PPh,p-Xylene,0.1,90,PENDING,PENDING,0.0
951,CsOAc,JackiePhos,p-Xylene,0.1,90,PENDING,PENDING,0.0
950,CsOAc,GorlosPhos HBF4,p-Xylene,0.1,90,PENDING,PENDING,0.0
949,CsOAc,PPh2Me,p-Xylene,0.1,90,PENDING,PENDING,0.0
948,CsOAc,P(fur)3,p-Xylene,0.1,90,PENDING,PENDING,0.0
947,KOPiv,PPhMe2,p-Xylene,0.1,90,PENDING,PENDING,0.0
946,KOPiv,CgMe-PPh,p-Xylene,0.1,90,PENDING,PENDING,0.0
945,KOPiv,JackiePhos,p-Xylene,0.1,90,PENDING,PENDING,0.0
944,KOPiv,GorlosPhos HBF4,p-Xylene,0.1,90,PENDING,PENDING,0.0
943,KOPiv,PPh2Me,p-Xylene,0.1,90,PENDING,PENDING,0.0
942,KOPiv,P(fur)3,p-Xylene,0.1,90,PENDING,PENDING,0.0
941,KOAc,PPhMe2,p-Xylene,0.1,90,PENDING,PENDING,0.0
940,KOAc,CgMe-PPh,p-Xylene,0.1,90,PENDING,PENDING,0.0
939,KOAc,JackiePhos,p-Xylene,0.1,90,PENDING,PENDING,0.0
938,KOAc,GorlosPhos HBF4,p-Xylene,0.1,90,PENDING,PENDING,0.0
937,KOAc,PPh2Me,p-Xylene,0.1,90,PENDING,PENDING,0.0
936,KOAc,P(fur)3,p-Xylene,0.1,90,PENDING,PENDING,0.0
935,CsOPiv,PPhMe2,BuOAc,0.1,90,PENDING,PENDING,0.0
934,CsOPiv,CgMe-PPh,BuOAc,0.1,90,PENDING,PENDING,0.0
933,CsOPiv,JackiePhos,BuOAc,0.1,90,PENDING,PENDING,0.0
932,CsOPiv,GorlosPhos HBF4,BuOAc,0.1,90,PENDING,PENDING,0.0
931,CsOPiv,PPh2Me,BuOAc,0.1,90,PENDING,PENDING,0.0
930,CsOPiv,P(fur)3,BuOAc,0.1,90,PENDING,PENDING,0.0
929,CsOAc,PPhMe2,BuOAc,0.1,90,PENDING,PENDING,0.0
928,CsOAc,CgMe-PPh,BuOAc,0.1,90,PENDING,PENDING,0.0
927,CsOAc,JackiePhos,BuOAc,0.1,90,PENDING,PENDING,0.0
926,CsOAc,GorlosPhos HBF4,BuOAc,0.1,90,PENDING,PENDING,0.0
925,CsOAc,PPh2Me,BuOAc,0.1,90,PENDING,PENDING,0.0
924,CsOAc,P(fur)3,BuOAc,0.1,90,PENDING,PENDING,0.0
923,KOPiv,PPhMe2,BuOAc,0.1,90,PENDING,PENDING,0.0
922,KOPiv,CgMe-PPh,BuOAc,0.1,90,PENDING,PENDING,0.0
921,KOPiv,JackiePhos,BuOAc,0.1,90,PENDING,PENDING,0.0
920,KOPiv,GorlosPhos HBF4,BuOAc,0.1,90,PENDING,PENDING,0.0
919,KOPiv,PPh2Me,BuOAc,0.1,90,PENDING,PENDING,0.0
918,KOPiv,P(fur)3,BuOAc,0.1,90,PENDING,PENDING,0.0
917,KOAc,PPhMe2,BuOAc,0.1,90,PENDING,PENDING,0.0
916,KOAc,CgMe-PPh,BuOAc,0.1,90,PENDING,PENDING,0.0
915,KOAc,JackiePhos,BuOAc,0.1,90,PENDING,PENDING,0.0
914,KOAc,GorlosPhos HBF4,BuOAc,0.1,90,PENDING,PENDING,0.0
913,KOAc,PPh2Me,BuOAc,0.1,90,PENDING,PENDING,0.0
912,KOAc,P(fur)3,BuOAc,0.1,90,PENDING,PENDING,0.0
911,CsOPiv,PPhMe2,BuCN,0.1,90,PENDING,PENDING,0.0
910,CsOPiv,CgMe-PPh,BuCN,0.1,90,PENDING,PENDING,0.0
909,CsOPiv,JackiePhos,BuCN,0.1,90,PENDING,PENDING,0.0
908,CsOPiv,GorlosPhos HBF4,BuCN,0.1,90,PENDING,PENDING,0.0
907,CsOPiv,PPh2Me,BuCN,0.1,90,PENDING,PENDING,0.0
906,CsOPiv,P(fur)3,BuCN,0.1,90,PENDING,PENDING,0.0
905,CsOAc,PPhMe2,BuCN,0.1,90,PENDING,PENDING,0.0
904,CsOAc,CgMe-PPh,BuCN,0.1,90,PENDING,PENDING,0.0
903,CsOAc,JackiePhos,BuCN,0.1,90,PENDING,PENDING,0.0
902,CsOAc,GorlosPhos HBF4,BuCN,0.1,90,PENDING,PENDING,0.0
901,CsOAc,PPh2Me,BuCN,0.1,90,PENDING,PENDING,0.0
900,CsOAc,P(fur)3,BuCN,0.1,90,PENDING,PENDING,0.0
899,KOPiv,PPhMe2,BuCN,0.1,90,PENDING,PENDING,0.0
898,KOPiv,CgMe-PPh,BuCN,0.1,90,PENDING,PENDING,0.0
897,KOPiv,JackiePhos,BuCN,0.1,90,PENDING,PENDING,0.0
896,KOPiv,GorlosPhos HBF4,BuCN,0.1,90,PENDING,PENDING,0.0
895,KOPiv,PPh2Me,BuCN,0.1,90,PENDING,PENDING,0.0
894,KOPiv,P(fur)3,BuCN,0.1,90,PENDING,PENDING,0.0
893,KOAc,PPhMe2,BuCN,0.1,90,PENDING,PENDING,0.0
892,KOAc,CgMe-PPh,BuCN,0.1,90,PENDING,PENDING,0.0
891,KOAc,JackiePhos,BuCN,0.1,90,PENDING,PENDING,0.0
890,KOAc,GorlosPhos HBF4,BuCN,0.1,90,PENDING,PENDING,0.0
889,KOAc,PPh2Me,BuCN,0.1,90,PENDING,PENDING,0.0
888,KOAc,P(fur)3,BuCN,0.1,90,PENDING,PENDING,0.0
887,CsOPiv,PPhMe2,DMAc,0.1,90,PENDING,PENDING,0.0
886,CsOPiv,CgMe-PPh,DMAc,0.1,90,PENDING,PENDING,0.0
885,CsOPiv,JackiePhos,DMAc,0.1,90,PENDING,PENDING,0.0
884,CsOPiv,GorlosPhos HBF4,DMAc,0.1,90,PENDING,PENDING,0.0
883,CsOPiv,PPh2Me,DMAc,0.1,90,PENDING,PENDING,0.0
882,CsOPiv,P(fur)3,DMAc,0.1,90,PENDING,PENDING,0.0
881,CsOAc,PPhMe2,DMAc,0.1,90,PENDING,PENDING,0.0
880,CsOAc,CgMe-PPh,DMAc,0.1,90,PENDING,PENDING,0.0
879,CsOAc,JackiePhos,DMAc,0.1,90,PENDING,PENDING,0.0
878,CsOAc,GorlosPhos HBF4,DMAc,0.1,90,PENDING,PENDING,0.0
877,CsOAc,PPh2Me,DMAc,0.1,90,PENDING,PENDING,0.0
876,CsOAc,P(fur)3,DMAc,0.1,90,PENDING,PENDING,0.0
875,KOPiv,PPhMe2,DMAc,0.1,90,PENDING,PENDING,0.0
874,KOPiv,CgMe-PPh,DMAc,0.1,90,PENDING,PENDING,0.0
873,KOPiv,JackiePhos,DMAc,0.1,90,PENDING,PENDING,0.0
872,KOPiv,GorlosPhos HBF4,DMAc,0.1,90,PENDING,PENDING,0.0
871,KOPiv,PPh2Me,DMAc,0.1,90,PENDING,PENDING,0.0
869,KOAc,PPhMe2,DMAc,0.1,90,PENDING,PENDING,0.0
868,KOAc,CgMe-PPh,DMAc,0.1,90,PENDING,PENDING,0.0
867,KOAc,JackiePhos,DMAc,0.1,90,PENDING,PENDING,0.0
866,KOAc,GorlosPhos HBF4,DMAc,0.1,90,PENDING,PENDING,0.0
865,KOAc,PPh2Me,DMAc,0.1,90,PENDING,PENDING,0.0
864,KOAc,P(fur)3,DMAc,0.1,90,PENDING,PENDING,0.0
862,CsOPiv,PPh3,p-Xylene,0.153,120,PENDING,PENDING,0.0
861,CsOPiv,PCy3 HBF4,p-Xylene,0.153,120,PENDING,PENDING,0.0
860,CsOPiv,tBPh-CPhos,p-Xylene,0.153,120,PENDING,PENDING,0.0
859,CsOPiv,PPhtBu2,p-Xylene,0.153,120,PENDING,PENDING,0.0
858,CsOPiv,BrettPhos,p-Xylene,0.153,120,PENDING,PENDING,0.0
857,CsOAc,X-Phos,p-Xylene,0.153,120,PENDING,PENDING,0.0
856,CsOAc,PPh3,p-Xylene,0.153,120,PENDING,PENDING,0.0
855,CsOAc,PCy3 HBF4,p-Xylene,0.153,120,PENDING,PENDING,0.0
854,CsOAc,tBPh-CPhos,p-Xylene,0.153,120,PENDING,PENDING,0.0
853,CsOAc,PPhtBu2,p-Xylene,0.153,120,PENDING,PENDING,0.0
852,CsOAc,BrettPhos,p-Xylene,0.153,120,PENDING,PENDING,0.0
851,KOPiv,X-Phos,p-Xylene,0.153,120,PENDING,PENDING,0.0
850,KOPiv,PPh3,p-Xylene,0.153,120,PENDING,PENDING,0.0
849,KOPiv,PCy3 HBF4,p-Xylene,0.153,120,PENDING,PENDING,0.0
848,KOPiv,tBPh-CPhos,p-Xylene,0.153,120,PENDING,PENDING,0.0
847,KOPiv,PPhtBu2,p-Xylene,0.153,120,PENDING,PENDING,0.0
846,KOPiv,BrettPhos,p-Xylene,0.153,120,PENDING,PENDING,0.0
844,KOAc,PPh3,p-Xylene,0.153,120,PENDING,PENDING,0.0
843,KOAc,PCy3 HBF4,p-Xylene,0.153,120,PENDING,PENDING,0.0
842,KOAc,tBPh-CPhos,p-Xylene,0.153,120,PENDING,PENDING,0.0
841,KOAc,PPhtBu2,p-Xylene,0.153,120,PENDING,PENDING,0.0
840,KOAc,BrettPhos,p-Xylene,0.153,120,PENDING,PENDING,0.0
839,CsOPiv,X-Phos,BuOAc,0.153,120,PENDING,PENDING,0.0
838,CsOPiv,PPh3,BuOAc,0.153,120,PENDING,PENDING,0.0
837,CsOPiv,PCy3 HBF4,BuOAc,0.153,120,PENDING,PENDING,0.0
836,CsOPiv,tBPh-CPhos,BuOAc,0.153,120,PENDING,PENDING,0.0
835,CsOPiv,PPhtBu2,BuOAc,0.153,120,PENDING,PENDING,0.0
834,CsOPiv,BrettPhos,BuOAc,0.153,120,PENDING,PENDING,0.0
833,CsOAc,X-Phos,BuOAc,0.153,120,PENDING,PENDING,0.0
832,CsOAc,PPh3,BuOAc,0.153,120,PENDING,PENDING,0.0
831,CsOAc,PCy3 HBF4,BuOAc,0.153,120,PENDING,PENDING,0.0
830,CsOAc,tBPh-CPhos,BuOAc,0.153,120,PENDING,PENDING,0.0
829,CsOAc,PPhtBu2,BuOAc,0.153,120,PENDING,PENDING,0.0
828,CsOAc,BrettPhos,BuOAc,0.153,120,PENDING,PENDING,0.0
827,KOPiv,X-Phos,BuOAc,0.153,120,PENDING,PENDING,0.0
826,KOPiv,PPh3,BuOAc,0.153,120,PENDING,PENDING,0.0
825,KOPiv,PCy3 HBF4,BuOAc,0.153,120,PENDING,PENDING,0.0
824,KOPiv,tBPh-CPhos,BuOAc,0.153,120,PENDING,PENDING,0.0
823,KOPiv,PPhtBu2,BuOAc,0.153,120,PENDING,PENDING,0.0
822,KOPiv,BrettPhos,BuOAc,0.153,120,PENDING,PENDING,0.0
821,KOAc,X-Phos,BuOAc,0.153,120,PENDING,PENDING,0.0
820,KOAc,PPh3,BuOAc,0.153,120,PENDING,PENDING,0.0
819,KOAc,PCy3 HBF4,BuOAc,0.153,120,PENDING,PENDING,0.0
818,KOAc,tBPh-CPhos,BuOAc,0.153,120,PENDING,PENDING,0.0
817,KOAc,PPhtBu2,BuOAc,0.153,120,PENDING,PENDING,0.0
816,KOAc,BrettPhos,BuOAc,0.153,120,PENDING,PENDING,0.0
815,CsOPiv,X-Phos,BuCN,0.153,120,PENDING,PENDING,0.0
814,CsOPiv,PPh3,BuCN,0.153,120,PENDING,PENDING,0.0
813,CsOPiv,PCy3 HBF4,BuCN,0.153,120,PENDING,PENDING,0.0
812,CsOPiv,tBPh-CPhos,BuCN,0.153,120,PENDING,PENDING,0.0
811,CsOPiv,PPhtBu2,BuCN,0.153,120,PENDING,PENDING,0.0
810,CsOPiv,BrettPhos,BuCN,0.153,120,PENDING,PENDING,0.0
809,CsOAc,X-Phos,BuCN,0.153,120,PENDING,PENDING,0.0
808,CsOAc,PPh3,BuCN,0.153,120,PENDING,PENDING,0.0
807,CsOAc,PCy3 HBF4,BuCN,0.153,120,PENDING,PENDING,0.0
806,CsOAc,tBPh-CPhos,BuCN,0.153,120,PENDING,PENDING,0.0
805,CsOAc,PPhtBu2,BuCN,0.153,120,PENDING,PENDING,0.0
804,CsOAc,BrettPhos,BuCN,0.153,120,PENDING,PENDING,0.0
803,KOPiv,X-Phos,BuCN,0.153,120,PENDING,PENDING,0.0
802,KOPiv,PPh3,BuCN,0.153,120,PENDING,PENDING,0.0
801,KOPiv,PCy3 HBF4,BuCN,0.153,120,PENDING,PENDING,0.0
800,KOPiv,tBPh-CPhos,BuCN,0.153,120,PENDING,PENDING,0.0
799,KOPiv,PPhtBu2,BuCN,0.153,120,PENDING,PENDING,0.0
798,KOPiv,BrettPhos,BuCN,0.153,120,PENDING,PENDING,0.0
797,KOAc,X-Phos,BuCN,0.153,120,PENDING,PENDING,0.0
796,KOAc,PPh3,BuCN,0.153,120,PENDING,PENDING,0.0
795,KOAc,PCy3 HBF4,BuCN,0.153,120,PENDING,PENDING,0.0
794,KOAc,tBPh-CPhos,BuCN,0.153,120,PENDING,PENDING,0.0
793,KOAc,PPhtBu2,BuCN,0.153,120,PENDING,PENDING,0.0
792,KOAc,BrettPhos,BuCN,0.153,120,PENDING,PENDING,0.0
791,CsOPiv,X-Phos,DMAc,0.153,120,PENDING,PENDING,0.0
790,CsOPiv,PPh3,DMAc,0.153,120,PENDING,PENDING,0.0
789,CsOPiv,PCy3 HBF4,DMAc,0.153,120,PENDING,PENDING,0.0
788,CsOPiv,tBPh-CPhos,DMAc,0.153,120,PENDING,PENDING,0.0
787,CsOPiv,PPhtBu2,DMAc,0.153,120,PENDING,PENDING,0.0
786,CsOPiv,BrettPhos,DMAc,0.153,120,PENDING,PENDING,0.0
784,CsOAc,PPh3,DMAc,0.153,120,PENDING,PENDING,0.0
783,CsOAc,PCy3 HBF4,DMAc,0.153,120,PENDING,PENDING,0.0
782,CsOAc,tBPh-CPhos,DMAc,0.153,120,PENDING,PENDING,0.0
781,CsOAc,PPhtBu2,DMAc,0.153,120,PENDING,PENDING,0.0
780,CsOAc,BrettPhos,DMAc,0.153,120,PENDING,PENDING,0.0
775,KOPiv,PPhtBu2,DMAc,0.153,120,PENDING,PENDING,0.0
774,KOPiv,BrettPhos,DMAc,0.153,120,PENDING,PENDING,0.0
771,KOAc,PCy3 HBF4,DMAc,0.153,120,PENDING,PENDING,0.0
769,KOAc,PPhtBu2,DMAc,0.153,120,PENDING,PENDING,0.0
768,KOAc,BrettPhos,DMAc,0.153,120,PENDING,PENDING,0.0
767,CsOPiv,X-Phos,p-Xylene,0.153,105,PENDING,PENDING,0.0
766,CsOPiv,PPh3,p-Xylene,0.153,105,PENDING,PENDING,0.0
765,CsOPiv,PCy3 HBF4,p-Xylene,0.153,105,PENDING,PENDING,0.0
764,CsOPiv,tBPh-CPhos,p-Xylene,0.153,105,PENDING,PENDING,0.0
763,CsOPiv,PPhtBu2,p-Xylene,0.153,105,PENDING,PENDING,0.0
762,CsOPiv,BrettPhos,p-Xylene,0.153,105,PENDING,PENDING,0.0
761,CsOAc,X-Phos,p-Xylene,0.153,105,PENDING,PENDING,0.0
760,CsOAc,PPh3,p-Xylene,0.153,105,PENDING,PENDING,0.0
759,CsOAc,PCy3 HBF4,p-Xylene,0.153,105,PENDING,PENDING,0.0
758,CsOAc,tBPh-CPhos,p-Xylene,0.153,105,PENDING,PENDING,0.0
757,CsOAc,PPhtBu2,p-Xylene,0.153,105,PENDING,PENDING,0.0
756,CsOAc,BrettPhos,p-Xylene,0.153,105,PENDING,PENDING,0.0
755,KOPiv,X-Phos,p-Xylene,0.153,105,PENDING,PENDING,0.0
754,KOPiv,PPh3,p-Xylene,0.153,105,PENDING,PENDING,0.0
753,KOPiv,PCy3 HBF4,p-Xylene,0.153,105,PENDING,PENDING,0.0
752,KOPiv,tBPh-CPhos,p-Xylene,0.153,105,PENDING,PENDING,0.0
751,KOPiv,PPhtBu2,p-Xylene,0.153,105,PENDING,PENDING,0.0
750,KOPiv,BrettPhos,p-Xylene,0.153,105,PENDING,PENDING,0.0
749,KOAc,X-Phos,p-Xylene,0.153,105,PENDING,PENDING,0.0
748,KOAc,PPh3,p-Xylene,0.153,105,PENDING,PENDING,0.0
747,KOAc,PCy3 HBF4,p-Xylene,0.153,105,PENDING,PENDING,0.0
746,KOAc,tBPh-CPhos,p-Xylene,0.153,105,PENDING,PENDING,0.0
745,KOAc,PPhtBu2,p-Xylene,0.153,105,PENDING,PENDING,0.0
744,KOAc,BrettPhos,p-Xylene,0.153,105,PENDING,PENDING,0.0
743,CsOPiv,X-Phos,BuOAc,0.153,105,PENDING,PENDING,0.0
742,CsOPiv,PPh3,BuOAc,0.153,105,PENDING,PENDING,0.0
741,CsOPiv,PCy3 HBF4,BuOAc,0.153,105,PENDING,PENDING,0.0
740,CsOPiv,tBPh-CPhos,BuOAc,0.153,105,PENDING,PENDING,0.0
739,CsOPiv,PPhtBu2,BuOAc,0.153,105,PENDING,PENDING,0.0
738,CsOPiv,BrettPhos,BuOAc,0.153,105,PENDING,PENDING,0.0
737,CsOAc,X-Phos,BuOAc,0.153,105,PENDING,PENDING,0.0
736,CsOAc,PPh3,BuOAc,0.153,105,PENDING,PENDING,0.0
735,CsOAc,PCy3 HBF4,BuOAc,0.153,105,PENDING,PENDING,0.0
734,CsOAc,tBPh-CPhos,BuOAc,0.153,105,PENDING,PENDING,0.0
733,CsOAc,PPhtBu2,BuOAc,0.153,105,PENDING,PENDING,0.0
732,CsOAc,BrettPhos,BuOAc,0.153,105,PENDING,PENDING,0.0
731,KOPiv,X-Phos,BuOAc,0.153,105,PENDING,PENDING,0.0
730,KOPiv,PPh3,BuOAc,0.153,105,PENDING,PENDING,0.0
729,KOPiv,PCy3 HBF4,BuOAc,0.153,105,PENDING,PENDING,0.0
728,KOPiv,tBPh-CPhos,BuOAc,0.153,105,PENDING,PENDING,0.0
727,KOPiv,PPhtBu2,BuOAc,0.153,105,PENDING,PENDING,0.0
726,KOPiv,BrettPhos,BuOAc,0.153,105,PENDING,PENDING,0.0
725,KOAc,X-Phos,BuOAc,0.153,105,PENDING,PENDING,0.0
724,KOAc,PPh3,BuOAc,0.153,105,PENDING,PENDING,0.0
723,KOAc,PCy3 HBF4,BuOAc,0.153,105,PENDING,PENDING,0.0
722,KOAc,tBPh-CPhos,BuOAc,0.153,105,PENDING,PENDING,0.0
721,KOAc,PPhtBu2,BuOAc,0.153,105,PENDING,PENDING,0.0
720,KOAc,BrettPhos,BuOAc,0.153,105,PENDING,PENDING,0.0
719,CsOPiv,X-Phos,BuCN,0.153,105,PENDING,PENDING,0.0
718,CsOPiv,PPh3,BuCN,0.153,105,PENDING,PENDING,0.0
717,CsOPiv,PCy3 HBF4,BuCN,0.153,105,PENDING,PENDING,0.0
716,CsOPiv,tBPh-CPhos,BuCN,0.153,105,PENDING,PENDING,0.0
715,CsOPiv,PPhtBu2,BuCN,0.153,105,PENDING,PENDING,0.0
714,CsOPiv,BrettPhos,BuCN,0.153,105,PENDING,PENDING,0.0
713,CsOAc,X-Phos,BuCN,0.153,105,PENDING,PENDING,0.0
712,CsOAc,PPh3,BuCN,0.153,105,PENDING,PENDING,0.0
711,CsOAc,PCy3 HBF4,BuCN,0.153,105,PENDING,PENDING,0.0
710,CsOAc,tBPh-CPhos,BuCN,0.153,105,PENDING,PENDING,0.0
709,CsOAc,PPhtBu2,BuCN,0.153,105,PENDING,PENDING,0.0
708,CsOAc,BrettPhos,BuCN,0.153,105,PENDING,PENDING,0.0
707,KOPiv,X-Phos,BuCN,0.153,105,PENDING,PENDING,0.0
706,KOPiv,PPh3,BuCN,0.153,105,PENDING,PENDING,0.0
705,KOPiv,PCy3 HBF4,BuCN,0.153,105,PENDING,PENDING,0.0
704,KOPiv,tBPh-CPhos,BuCN,0.153,105,PENDING,PENDING,0.0
703,KOPiv,PPhtBu2,BuCN,0.153,105,PENDING,PENDING,0.0
702,KOPiv,BrettPhos,BuCN,0.153,105,PENDING,PENDING,0.0
701,KOAc,X-Phos,BuCN,0.153,105,PENDING,PENDING,0.0
700,KOAc,PPh3,BuCN,0.153,105,PENDING,PENDING,0.0
699,KOAc,PCy3 HBF4,BuCN,0.153,105,PENDING,PENDING,0.0
698,KOAc,tBPh-CPhos,BuCN,0.153,105,PENDING,PENDING,0.0
697,KOAc,PPhtBu2,BuCN,0.153,105,PENDING,PENDING,0.0
696,KOAc,BrettPhos,BuCN,0.153,105,PENDING,PENDING,0.0
695,CsOPiv,X-Phos,DMAc,0.153,105,PENDING,PENDING,0.0
694,CsOPiv,PPh3,DMAc,0.153,105,PENDING,PENDING,0.0
693,CsOPiv,PCy3 HBF4,DMAc,0.153,105,PENDING,PENDING,0.0
692,CsOPiv,tBPh-CPhos,DMAc,0.153,105,PENDING,PENDING,0.0
691,CsOPiv,PPhtBu2,DMAc,0.153,105,PENDING,PENDING,0.0
690,CsOPiv,BrettPhos,DMAc,0.153,105,PENDING,PENDING,0.0
689,CsOAc,X-Phos,DMAc,0.153,105,PENDING,PENDING,0.0
688,CsOAc,PPh3,DMAc,0.153,105,PENDING,PENDING,0.0
687,CsOAc,PCy3 HBF4,DMAc,0.153,105,PENDING,PENDING,0.0
686,CsOAc,tBPh-CPhos,DMAc,0.153,105,PENDING,PENDING,0.0
685,CsOAc,PPhtBu2,DMAc,0.153,105,PENDING,PENDING,0.0
684,CsOAc,BrettPhos,DMAc,0.153,105,PENDING,PENDING,0.0
683,KOPiv,X-Phos,DMAc,0.153,105,PENDING,PENDING,0.0
682,KOPiv,PPh3,DMAc,0.153,105,PENDING,PENDING,0.0
681,KOPiv,PCy3 HBF4,DMAc,0.153,105,PENDING,PENDING,0.0
680,KOPiv,tBPh-CPhos,DMAc,0.153,105,PENDING,PENDING,0.0
679,KOPiv,PPhtBu2,DMAc,0.153,105,PENDING,PENDING,0.0
678,KOPiv,BrettPhos,DMAc,0.153,105,PENDING,PENDING,0.0
676,KOAc,PPh3,DMAc,0.153,105,PENDING,PENDING,0.0
675,KOAc,PCy3 HBF4,DMAc,0.153,105,PENDING,PENDING,0.0
674,KOAc,tBPh-CPhos,DMAc,0.153,105,PENDING,PENDING,0.0
673,KOAc,PPhtBu2,DMAc,0.153,105,PENDING,PENDING,0.0
672,KOAc,BrettPhos,DMAc,0.153,105,PENDING,PENDING,0.0
670,CsOPiv,PPh3,p-Xylene,0.153,90,PENDING,PENDING,0.0
669,CsOPiv,PCy3 HBF4,p-Xylene,0.153,90,PENDING,PENDING,0.0
668,CsOPiv,tBPh-CPhos,p-Xylene,0.153,90,PENDING,PENDING,0.0
667,CsOPiv,PPhtBu2,p-Xylene,0.153,90,PENDING,PENDING,0.0
666,CsOPiv,BrettPhos,p-Xylene,0.153,90,PENDING,PENDING,0.0
665,CsOAc,X-Phos,p-Xylene,0.153,90,PENDING,PENDING,0.0
664,CsOAc,PPh3,p-Xylene,0.153,90,PENDING,PENDING,0.0
663,CsOAc,PCy3 HBF4,p-Xylene,0.153,90,PENDING,PENDING,0.0
662,CsOAc,tBPh-CPhos,p-Xylene,0.153,90,PENDING,PENDING,0.0
661,CsOAc,PPhtBu2,p-Xylene,0.153,90,PENDING,PENDING,0.0
660,CsOAc,BrettPhos,p-Xylene,0.153,90,PENDING,PENDING,0.0
659,KOPiv,X-Phos,p-Xylene,0.153,90,PENDING,PENDING,0.0
658,KOPiv,PPh3,p-Xylene,0.153,90,PENDING,PENDING,0.0
657,KOPiv,PCy3 HBF4,p-Xylene,0.153,90,PENDING,PENDING,0.0
656,KOPiv,tBPh-CPhos,p-Xylene,0.153,90,PENDING,PENDING,0.0
655,KOPiv,PPhtBu2,p-Xylene,0.153,90,PENDING,PENDING,0.0
654,KOPiv,BrettPhos,p-Xylene,0.153,90,PENDING,PENDING,0.0
653,KOAc,X-Phos,p-Xylene,0.153,90,PENDING,PENDING,0.0
652,KOAc,PPh3,p-Xylene,0.153,90,PENDING,PENDING,0.0
651,KOAc,PCy3 HBF4,p-Xylene,0.153,90,PENDING,PENDING,0.0
650,KOAc,tBPh-CPhos,p-Xylene,0.153,90,PENDING,PENDING,0.0
649,KOAc,PPhtBu2,p-Xylene,0.153,90,PENDING,PENDING,0.0
648,KOAc,BrettPhos,p-Xylene,0.153,90,PENDING,PENDING,0.0
647,CsOPiv,X-Phos,BuOAc,0.153,90,PENDING,PENDING,0.0
646,CsOPiv,PPh3,BuOAc,0.153,90,PENDING,PENDING,0.0
645,CsOPiv,PCy3 HBF4,BuOAc,0.153,90,PENDING,PENDING,0.0
644,CsOPiv,tBPh-CPhos,BuOAc,0.153,90,PENDING,PENDING,0.0
643,CsOPiv,PPhtBu2,BuOAc,0.153,90,PENDING,PENDING,0.0
642,CsOPiv,BrettPhos,BuOAc,0.153,90,PENDING,PENDING,0.0
641,CsOAc,X-Phos,BuOAc,0.153,90,PENDING,PENDING,0.0
640,CsOAc,PPh3,BuOAc,0.153,90,PENDING,PENDING,0.0
639,CsOAc,PCy3 HBF4,BuOAc,0.153,90,PENDING,PENDING,0.0
638,CsOAc,tBPh-CPhos,BuOAc,0.153,90,PENDING,PENDING,0.0
637,CsOAc,PPhtBu2,BuOAc,0.153,90,PENDING,PENDING,0.0
636,CsOAc,BrettPhos,BuOAc,0.153,90,PENDING,PENDING,0.0
635,KOPiv,X-Phos,BuOAc,0.153,90,PENDING,PENDING,0.0
634,KOPiv,PPh3,BuOAc,0.153,90,PENDING,PENDING,0.0
633,KOPiv,PCy3 HBF4,BuOAc,0.153,90,PENDING,PENDING,0.0
632,KOPiv,tBPh-CPhos,BuOAc,0.153,90,PENDING,PENDING,0.0
631,KOPiv,PPhtBu2,BuOAc,0.153,90,PENDING,PENDING,0.0
630,KOPiv,BrettPhos,BuOAc,0.153,90,PENDING,PENDING,0.0
629,KOAc,X-Phos,BuOAc,0.153,90,PENDING,PENDING,0.0
628,KOAc,PPh3,BuOAc,0.153,90,PENDING,PENDING,0.0
627,KOAc,PCy3 HBF4,BuOAc,0.153,90,PENDING,PENDING,0.0
626,KOAc,tBPh-CPhos,BuOAc,0.153,90,PENDING,PENDING,0.0
625,KOAc,PPhtBu2,BuOAc,0.153,90,PENDING,PENDING,0.0
624,KOAc,BrettPhos,BuOAc,0.153,90,PENDING,PENDING,0.0
623,CsOPiv,X-Phos,BuCN,0.153,90,PENDING,PENDING,0.0
622,CsOPiv,PPh3,BuCN,0.153,90,PENDING,PENDING,0.0
621,CsOPiv,PCy3 HBF4,BuCN,0.153,90,PENDING,PENDING,0.0
620,CsOPiv,tBPh-CPhos,BuCN,0.153,90,PENDING,PENDING,0.0
619,CsOPiv,PPhtBu2,BuCN,0.153,90,PENDING,PENDING,0.0
618,CsOPiv,BrettPhos,BuCN,0.153,90,PENDING,PENDING,0.0
617,CsOAc,X-Phos,BuCN,0.153,90,PENDING,PENDING,0.0
616,CsOAc,PPh3,BuCN,0.153,90,PENDING,PENDING,0.0
615,CsOAc,PCy3 HBF4,BuCN,0.153,90,PENDING,PENDING,0.0
614,CsOAc,tBPh-CPhos,BuCN,0.153,90,PENDING,PENDING,0.0
613,CsOAc,PPhtBu2,BuCN,0.153,90,PENDING,PENDING,0.0
612,CsOAc,BrettPhos,BuCN,0.153,90,PENDING,PENDING,0.0
611,KOPiv,X-Phos,BuCN,0.153,90,PENDING,PENDING,0.0
610,KOPiv,PPh3,BuCN,0.153,90,PENDING,PENDING,0.0
609,KOPiv,PCy3 HBF4,BuCN,0.153,90,PENDING,PENDING,0.0
608,KOPiv,tBPh-CPhos,BuCN,0.153,90,PENDING,PENDING,0.0
607,KOPiv,PPhtBu2,BuCN,0.153,90,PENDING,PENDING,0.0
606,KOPiv,BrettPhos,BuCN,0.153,90,PENDING,PENDING,0.0
605,KOAc,X-Phos,BuCN,0.153,90,PENDING,PENDING,0.0
604,KOAc,PPh3,BuCN,0.153,90,PENDING,PENDING,0.0
603,KOAc,PCy3 HBF4,BuCN,0.153,90,PENDING,PENDING,0.0
602,KOAc,tBPh-CPhos,BuCN,0.153,90,PENDING,PENDING,0.0
601,KOAc,PPhtBu2,BuCN,0.153,90,PENDING,PENDING,0.0
600,KOAc,BrettPhos,BuCN,0.153,90,PENDING,PENDING,0.0
599,CsOPiv,X-Phos,DMAc,0.153,90,PENDING,PENDING,0.0
598,CsOPiv,PPh3,DMAc,0.153,90,PENDING,PENDING,0.0
597,CsOPiv,PCy3 HBF4,DMAc,0.153,90,PENDING,PENDING,0.0
596,CsOPiv,tBPh-CPhos,DMAc,0.153,90,PENDING,PENDING,0.0
595,CsOPiv,PPhtBu2,DMAc,0.153,90,PENDING,PENDING,0.0
594,CsOPiv,BrettPhos,DMAc,0.153,90,PENDING,PENDING,0.0
593,CsOAc,X-Phos,DMAc,0.153,90,PENDING,PENDING,0.0
592,CsOAc,PPh3,DMAc,0.153,90,PENDING,PENDING,0.0
591,CsOAc,PCy3 HBF4,DMAc,0.153,90,PENDING,PENDING,0.0
590,CsOAc,tBPh-CPhos,DMAc,0.153,90,PENDING,PENDING,0.0
589,CsOAc,PPhtBu2,DMAc,0.153,90,PENDING,PENDING,0.0
588,CsOAc,BrettPhos,DMAc,0.153,90,PENDING,PENDING,0.0
587,KOPiv,X-Phos,DMAc,0.153,90,PENDING,PENDING,0.0
586,KOPiv,PPh3,DMAc,0.153,90,PENDING,PENDING,0.0
585,KOPiv,PCy3 HBF4,DMAc,0.153,90,PENDING,PENDING,0.0
584,KOPiv,tBPh-CPhos,DMAc,0.153,90,PENDING,PENDING,0.0
583,KOPiv,PPhtBu2,DMAc,0.153,90,PENDING,PENDING,0.0
582,KOPiv,BrettPhos,DMAc,0.153,90,PENDING,PENDING,0.0
581,KOAc,X-Phos,DMAc,0.153,90,PENDING,PENDING,0.0
580,KOAc,PPh3,DMAc,0.153,90,PENDING,PENDING,0.0
579,KOAc,PCy3 HBF4,DMAc,0.153,90,PENDING,PENDING,0.0
578,KOAc,tBPh-CPhos,DMAc,0.153,90,PENDING,PENDING,0.0
577,KOAc,PPhtBu2,DMAc,0.153,90,PENDING,PENDING,0.0
576,KOAc,BrettPhos,DMAc,0.153,90,PENDING,PENDING,0.0
575,CsOPiv,X-Phos,p-Xylene,0.057,120,PENDING,PENDING,0.0
574,CsOPiv,PPh3,p-Xylene,0.057,120,PENDING,PENDING,0.0
573,CsOPiv,PCy3 HBF4,p-Xylene,0.057,120,PENDING,PENDING,0.0
572,CsOPiv,tBPh-CPhos,p-Xylene,0.057,120,PENDING,PENDING,0.0
571,CsOPiv,PPhtBu2,p-Xylene,0.057,120,PENDING,PENDING,0.0
570,CsOPiv,BrettPhos,p-Xylene,0.057,120,PENDING,PENDING,0.0
569,CsOAc,X-Phos,p-Xylene,0.057,120,PENDING,PENDING,0.0
568,CsOAc,PPh3,p-Xylene,0.057,120,PENDING,PENDING,0.0
567,CsOAc,PCy3 HBF4,p-Xylene,0.057,120,PENDING,PENDING,0.0
566,CsOAc,tBPh-CPhos,p-Xylene,0.057,120,PENDING,PENDING,0.0
565,CsOAc,PPhtBu2,p-Xylene,0.057,120,PENDING,PENDING,0.0
564,CsOAc,BrettPhos,p-Xylene,0.057,120,PENDING,PENDING,0.0
563,KOPiv,X-Phos,p-Xylene,0.057,120,PENDING,PENDING,0.0
562,KOPiv,PPh3,p-Xylene,0.057,120,PENDING,PENDING,0.0
561,KOPiv,PCy3 HBF4,p-Xylene,0.057,120,PENDING,PENDING,0.0
560,KOPiv,tBPh-CPhos,p-Xylene,0.057,120,PENDING,PENDING,0.0
559,KOPiv,PPhtBu2,p-Xylene,0.057,120,PENDING,PENDING,0.0
558,KOPiv,BrettPhos,p-Xylene,0.057,120,PENDING,PENDING,0.0
557,KOAc,X-Phos,p-Xylene,0.057,120,PENDING,PENDING,0.0
556,KOAc,PPh3,p-Xylene,0.057,120,PENDING,PENDING,0.0
555,KOAc,PCy3 HBF4,p-Xylene,0.057,120,PENDING,PENDING,0.0
554,KOAc,tBPh-CPhos,p-Xylene,0.057,120,PENDING,PENDING,0.0
553,KOAc,PPhtBu2,p-Xylene,0.057,120,PENDING,PENDING,0.0
552,KOAc,BrettPhos,p-Xylene,0.057,120,PENDING,PENDING,0.0
551,CsOPiv,X-Phos,BuOAc,0.057,120,PENDING,PENDING,0.0
550,CsOPiv,PPh3,BuOAc,0.057,120,PENDING,PENDING,0.0
549,CsOPiv,PCy3 HBF4,BuOAc,0.057,120,PENDING,PENDING,0.0
548,CsOPiv,tBPh-CPhos,BuOAc,0.057,120,PENDING,PENDING,0.0
547,CsOPiv,PPhtBu2,BuOAc,0.057,120,PENDING,PENDING,0.0
546,CsOPiv,BrettPhos,BuOAc,0.057,120,PENDING,PENDING,0.0
545,CsOAc,X-Phos,BuOAc,0.057,120,PENDING,PENDING,0.0
544,CsOAc,PPh3,BuOAc,0.057,120,PENDING,PENDING,0.0
543,CsOAc,PCy3 HBF4,BuOAc,0.057,120,PENDING,PENDING,0.0
542,CsOAc,tBPh-CPhos,BuOAc,0.057,120,PENDING,PENDING,0.0
541,CsOAc,PPhtBu2,BuOAc,0.057,120,PENDING,PENDING,0.0
540,CsOAc,BrettPhos,BuOAc,0.057,120,PENDING,PENDING,0.0
539,KOPiv,X-Phos,BuOAc,0.057,120,PENDING,PENDING,0.0
538,KOPiv,PPh3,BuOAc,0.057,120,PENDING,PENDING,0.0
537,KOPiv,PCy3 HBF4,BuOAc,0.057,120,PENDING,PENDING,0.0
536,KOPiv,tBPh-CPhos,BuOAc,0.057,120,PENDING,PENDING,0.0
535,KOPiv,PPhtBu2,BuOAc,0.057,120,PENDING,PENDING,0.0
534,KOPiv,BrettPhos,BuOAc,0.057,120,PENDING,PENDING,0.0
533,KOAc,X-Phos,BuOAc,0.057,120,PENDING,PENDING,0.0
532,KOAc,PPh3,BuOAc,0.057,120,PENDING,PENDING,0.0
531,KOAc,PCy3 HBF4,BuOAc,0.057,120,PENDING,PENDING,0.0
530,KOAc,tBPh-CPhos,BuOAc,0.057,120,PENDING,PENDING,0.0
529,KOAc,PPhtBu2,BuOAc,0.057,120,PENDING,PENDING,0.0
528,KOAc,BrettPhos,BuOAc,0.057,120,PENDING,PENDING,0.0
527,CsOPiv,X-Phos,BuCN,0.057,120,PENDING,PENDING,0.0
526,CsOPiv,PPh3,BuCN,0.057,120,PENDING,PENDING,0.0
525,CsOPiv,PCy3 HBF4,BuCN,0.057,120,PENDING,PENDING,0.0
524,CsOPiv,tBPh-CPhos,BuCN,0.057,120,PENDING,PENDING,0.0
523,CsOPiv,PPhtBu2,BuCN,0.057,120,PENDING,PENDING,0.0
522,CsOPiv,BrettPhos,BuCN,0.057,120,PENDING,PENDING,0.0
521,CsOAc,X-Phos,BuCN,0.057,120,PENDING,PENDING,0.0
520,CsOAc,PPh3,BuCN,0.057,120,PENDING,PENDING,0.0
519,CsOAc,PCy3 HBF4,BuCN,0.057,120,PENDING,PENDING,0.0
518,CsOAc,tBPh-CPhos,BuCN,0.057,120,PENDING,PENDING,0.0
517,CsOAc,PPhtBu2,BuCN,0.057,120,PENDING,PENDING,0.0
516,CsOAc,BrettPhos,BuCN,0.057,120,PENDING,PENDING,0.0
515,KOPiv,X-Phos,BuCN,0.057,120,PENDING,PENDING,0.0
514,KOPiv,PPh3,BuCN,0.057,120,PENDING,PENDING,0.0
513,KOPiv,PCy3 HBF4,BuCN,0.057,120,PENDING,PENDING,0.0
512,KOPiv,tBPh-CPhos,BuCN,0.057,120,PENDING,PENDING,0.0
511,KOPiv,PPhtBu2,BuCN,0.057,120,PENDING,PENDING,0.0
510,KOPiv,BrettPhos,BuCN,0.057,120,PENDING,PENDING,0.0
509,KOAc,X-Phos,BuCN,0.057,120,PENDING,PENDING,0.0
508,KOAc,PPh3,BuCN,0.057,120,PENDING,PENDING,0.0
507,KOAc,PCy3 HBF4,BuCN,0.057,120,PENDING,PENDING,0.0
506,KOAc,tBPh-CPhos,BuCN,0.057,120,PENDING,PENDING,0.0
505,KOAc,PPhtBu2,BuCN,0.057,120,PENDING,PENDING,0.0
504,KOAc,BrettPhos,BuCN,0.057,120,PENDING,PENDING,0.0
503,CsOPiv,X-Phos,DMAc,0.057,120,PENDING,PENDING,0.0
502,CsOPiv,PPh3,DMAc,0.057,120,PENDING,PENDING,0.0
501,CsOPiv,PCy3 HBF4,DMAc,0.057,120,PENDING,PENDING,0.0
500,CsOPiv,tBPh-CPhos,DMAc,0.057,120,PENDING,PENDING,0.0
499,CsOPiv,PPhtBu2,DMAc,0.057,120,PENDING,PENDING,0.0
498,CsOPiv,BrettPhos,DMAc,0.057,120,PENDING,PENDING,0.0
497,CsOAc,X-Phos,DMAc,0.057,120,PENDING,PENDING,0.0
496,CsOAc,PPh3,DMAc,0.057,120,PENDING,PENDING,0.0
495,CsOAc,PCy3 HBF4,DMAc,0.057,120,PENDING,PENDING,0.0
494,CsOAc,tBPh-CPhos,DMAc,0.057,120,PENDING,PENDING,0.0
493,CsOAc,PPhtBu2,DMAc,0.057,120,PENDING,PENDING,0.0
492,CsOAc,BrettPhos,DMAc,0.057,120,PENDING,PENDING,0.0
491,KOPiv,X-Phos,DMAc,0.057,120,PENDING,PENDING,0.0
490,KOPiv,PPh3,DMAc,0.057,120,PENDING,PENDING,0.0
489,KOPiv,PCy3 HBF4,DMAc,0.057,120,PENDING,PENDING,0.0
488,KOPiv,tBPh-CPhos,DMAc,0.057,120,PENDING,PENDING,0.0
487,KOPiv,PPhtBu2,DMAc,0.057,120,PENDING,PENDING,0.0
486,KOPiv,BrettPhos,DMAc,0.057,120,PENDING,PENDING,0.0
485,KOAc,X-Phos,DMAc,0.057,120,PENDING,PENDING,0.0
484,KOAc,PPh3,DMAc,0.057,120,PENDING,PENDING,0.0
483,KOAc,PCy3 HBF4,DMAc,0.057,120,PENDING,PENDING,0.0
482,KOAc,tBPh-CPhos,DMAc,0.057,120,PENDING,PENDING,0.0
481,KOAc,PPhtBu2,DMAc,0.057,120,PENDING,PENDING,0.0
480,KOAc,BrettPhos,DMAc,0.057,120,PENDING,PENDING,0.0
479,CsOPiv,X-Phos,p-Xylene,0.057,105,PENDING,PENDING,0.0
478,CsOPiv,PPh3,p-Xylene,0.057,105,PENDING,PENDING,0.0
477,CsOPiv,PCy3 HBF4,p-Xylene,0.057,105,PENDING,PENDING,0.0
476,CsOPiv,tBPh-CPhos,p-Xylene,0.057,105,PENDING,PENDING,0.0
475,CsOPiv,PPhtBu2,p-Xylene,0.057,105,PENDING,PENDING,0.0
474,CsOPiv,BrettPhos,p-Xylene,0.057,105,PENDING,PENDING,0.0
473,CsOAc,X-Phos,p-Xylene,0.057,105,PENDING,PENDING,0.0
472,CsOAc,PPh3,p-Xylene,0.057,105,PENDING,PENDING,0.0
471,CsOAc,PCy3 HBF4,p-Xylene,0.057,105,PENDING,PENDING,0.0
470,CsOAc,tBPh-CPhos,p-Xylene,0.057,105,PENDING,PENDING,0.0
469,CsOAc,PPhtBu2,p-Xylene,0.057,105,PENDING,PENDING,0.0
468,CsOAc,BrettPhos,p-Xylene,0.057,105,PENDING,PENDING,0.0
467,KOPiv,X-Phos,p-Xylene,0.057,105,PENDING,PENDING,0.0
466,KOPiv,PPh3,p-Xylene,0.057,105,PENDING,PENDING,0.0
465,KOPiv,PCy3 HBF4,p-Xylene,0.057,105,PENDING,PENDING,0.0
464,KOPiv,tBPh-CPhos,p-Xylene,0.057,105,PENDING,PENDING,0.0
463,KOPiv,PPhtBu2,p-Xylene,0.057,105,PENDING,PENDING,0.0
462,KOPiv,BrettPhos,p-Xylene,0.057,105,PENDING,PENDING,0.0
461,KOAc,X-Phos,p-Xylene,0.057,105,PENDING,PENDING,0.0
460,KOAc,PPh3,p-Xylene,0.057,105,PENDING,PENDING,0.0
459,KOAc,PCy3 HBF4,p-Xylene,0.057,105,PENDING,PENDING,0.0
458,KOAc,tBPh-CPhos,p-Xylene,0.057,105,PENDING,PENDING,0.0
457,KOAc,PPhtBu2,p-Xylene,0.057,105,PENDING,PENDING,0.0
456,KOAc,BrettPhos,p-Xylene,0.057,105,PENDING,PENDING,0.0
455,CsOPiv,X-Phos,BuOAc,0.057,105,PENDING,PENDING,0.0
454,CsOPiv,PPh3,BuOAc,0.057,105,PENDING,PENDING,0.0
453,CsOPiv,PCy3 HBF4,BuOAc,0.057,105,PENDING,PENDING,0.0
452,CsOPiv,tBPh-CPhos,BuOAc,0.057,105,PENDING,PENDING,0.0
451,CsOPiv,PPhtBu2,BuOAc,0.057,105,PENDING,PENDING,0.0
450,CsOPiv,BrettPhos,BuOAc,0.057,105,PENDING,PENDING,0.0
449,CsOAc,X-Phos,BuOAc,0.057,105,PENDING,PENDING,0.0
448,CsOAc,PPh3,BuOAc,0.057,105,PENDING,PENDING,0.0
447,CsOAc,PCy3 HBF4,BuOAc,0.057,105,PENDING,PENDING,0.0
446,CsOAc,tBPh-CPhos,BuOAc,0.057,105,PENDING,PENDING,0.0
445,CsOAc,PPhtBu2,BuOAc,0.057,105,PENDING,PENDING,0.0
444,CsOAc,BrettPhos,BuOAc,0.057,105,PENDING,PENDING,0.0
443,KOPiv,X-Phos,BuOAc,0.057,105,PENDING,PENDING,0.0
442,KOPiv,PPh3,BuOAc,0.057,105,PENDING,PENDING,0.0
441,KOPiv,PCy3 HBF4,BuOAc,0.057,105,PENDING,PENDING,0.0
440,KOPiv,tBPh-CPhos,BuOAc,0.057,105,PENDING,PENDING,0.0
439,KOPiv,PPhtBu2,BuOAc,0.057,105,PENDING,PENDING,0.0
438,KOPiv,BrettPhos,BuOAc,0.057,105,PENDING,PENDING,0.0
437,KOAc,X-Phos,BuOAc,0.057,105,PENDING,PENDING,0.0
436,KOAc,PPh3,BuOAc,0.057,105,PENDING,PENDING,0.0
435,KOAc,PCy3 HBF4,BuOAc,0.057,105,PENDING,PENDING,0.0
434,KOAc,tBPh-CPhos,BuOAc,0.057,105,PENDING,PENDING,0.0
433,KOAc,PPhtBu2,BuOAc,0.057,105,PENDING,PENDING,0.0
432,KOAc,BrettPhos,BuOAc,0.057,105,PENDING,PENDING,0.0
431,CsOPiv,X-Phos,BuCN,0.057,105,PENDING,PENDING,0.0
430,CsOPiv,PPh3,BuCN,0.057,105,PENDING,PENDING,0.0
429,CsOPiv,PCy3 HBF4,BuCN,0.057,105,PENDING,PENDING,0.0
428,CsOPiv,tBPh-CPhos,BuCN,0.057,105,PENDING,PENDING,0.0
427,CsOPiv,PPhtBu2,BuCN,0.057,105,PENDING,PENDING,0.0
426,CsOPiv,BrettPhos,BuCN,0.057,105,PENDING,PENDING,0.0
425,CsOAc,X-Phos,BuCN,0.057,105,PENDING,PENDING,0.0
424,CsOAc,PPh3,BuCN,0.057,105,PENDING,PENDING,0.0
423,CsOAc,PCy3 HBF4,BuCN,0.057,105,PENDING,PENDING,0.0
422,CsOAc,tBPh-CPhos,BuCN,0.057,105,PENDING,PENDING,0.0
421,CsOAc,PPhtBu2,BuCN,0.057,105,PENDING,PENDING,0.0
420,CsOAc,BrettPhos,BuCN,0.057,105,PENDING,PENDING,0.0
419,KOPiv,X-Phos,BuCN,0.057,105,PENDING,PENDING,0.0
418,KOPiv,PPh3,BuCN,0.057,105,PENDING,PENDING,0.0
417,KOPiv,PCy3 HBF4,BuCN,0.057,105,PENDING,PENDING,0.0
416,KOPiv,tBPh-CPhos,BuCN,0.057,105,PENDING,PENDING,0.0
415,KOPiv,PPhtBu2,BuCN,0.057,105,PENDING,PENDING,0.0
414,KOPiv,BrettPhos,BuCN,0.057,105,PENDING,PENDING,0.0
413,KOAc,X-Phos,BuCN,0.057,105,PENDING,PENDING,0.0
412,KOAc,PPh3,BuCN,0.057,105,PENDING,PENDING,0.0
411,KOAc,PCy3 HBF4,BuCN,0.057,105,PENDING,PENDING,0.0
410,KOAc,tBPh-CPhos,BuCN,0.057,105,PENDING,PENDING,0.0
409,KOAc,PPhtBu2,BuCN,0.057,105,PENDING,PENDING,0.0
408,KOAc,BrettPhos,BuCN,0.057,105,PENDING,PENDING,0.0
407,CsOPiv,X-Phos,DMAc,0.057,105,PENDING,PENDING,0.0
406,CsOPiv,PPh3,DMAc,0.057,105,PENDING,PENDING,0.0
405,CsOPiv,PCy3 HBF4,DMAc,0.057,105,PENDING,PENDING,0.0
404,CsOPiv,tBPh-CPhos,DMAc,0.057,105,PENDING,PENDING,0.0
403,CsOPiv,PPhtBu2,DMAc,0.057,105,PENDING,PENDING,0.0
402,CsOPiv,BrettPhos,DMAc,0.057,105,PENDING,PENDING,0.0
401,CsOAc,X-Phos,DMAc,0.057,105,PENDING,PENDING,0.0
400,CsOAc,PPh3,DMAc,0.057,105,PENDING,PENDING,0.0
399,CsOAc,PCy3 HBF4,DMAc,0.057,105,PENDING,PENDING,0.0
398,CsOAc,tBPh-CPhos,DMAc,0.057,105,PENDING,PENDING,0.0
397,CsOAc,PPhtBu2,DMAc,0.057,105,PENDING,PENDING,0.0
396,CsOAc,BrettPhos,DMAc,0.057,105,PENDING,PENDING,0.0
395,KOPiv,X-Phos,DMAc,0.057,105,PENDING,PENDING,0.0
394,KOPiv,PPh3,DMAc,0.057,105,PENDING,PENDING,0.0
393,KOPiv,PCy3 HBF4,DMAc,0.057,105,PENDING,PENDING,0.0
392,KOPiv,tBPh-CPhos,DMAc,0.057,105,PENDING,PENDING,0.0
391,KOPiv,PPhtBu2,DMAc,0.057,105,PENDING,PENDING,0.0
390,KOPiv,BrettPhos,DMAc,0.057,105,PENDING,PENDING,0.0
389,KOAc,X-Phos,DMAc,0.057,105,PENDING,PENDING,0.0
388,KOAc,PPh3,DMAc,0.057,105,PENDING,PENDING,0.0
387,KOAc,PCy3 HBF4,DMAc,0.057,105,PENDING,PENDING,0.0
386,KOAc,tBPh-CPhos,DMAc,0.057,105,PENDING,PENDING,0.0
385,KOAc,PPhtBu2,DMAc,0.057,105,PENDING,PENDING,0.0
384,KOAc,BrettPhos,DMAc,0.057,105,PENDING,PENDING,0.0
383,CsOPiv,X-Phos,p-Xylene,0.057,90,PENDING,PENDING,0.0
382,CsOPiv,PPh3,p-Xylene,0.057,90,PENDING,PENDING,0.0
381,CsOPiv,PCy3 HBF4,p-Xylene,0.057,90,PENDING,PENDING,0.0
380,CsOPiv,tBPh-CPhos,p-Xylene,0.057,90,PENDING,PENDING,0.0
379,CsOPiv,PPhtBu2,p-Xylene,0.057,90,PENDING,PENDING,0.0
378,CsOPiv,BrettPhos,p-Xylene,0.057,90,PENDING,PENDING,0.0
377,CsOAc,X-Phos,p-Xylene,0.057,90,PENDING,PENDING,0.0
376,CsOAc,PPh3,p-Xylene,0.057,90,PENDING,PENDING,0.0
375,CsOAc,PCy3 HBF4,p-Xylene,0.057,90,PENDING,PENDING,0.0
374,CsOAc,tBPh-CPhos,p-Xylene,0.057,90,PENDING,PENDING,0.0
373,CsOAc,PPhtBu2,p-Xylene,0.057,90,PENDING,PENDING,0.0
372,CsOAc,BrettPhos,p-Xylene,0.057,90,PENDING,PENDING,0.0
371,KOPiv,X-Phos,p-Xylene,0.057,90,PENDING,PENDING,0.0
370,KOPiv,PPh3,p-Xylene,0.057,90,PENDING,PENDING,0.0
369,KOPiv,PCy3 HBF4,p-Xylene,0.057,90,PENDING,PENDING,0.0
368,KOPiv,tBPh-CPhos,p-Xylene,0.057,90,PENDING,PENDING,0.0
367,KOPiv,PPhtBu2,p-Xylene,0.057,90,PENDING,PENDING,0.0
366,KOPiv,BrettPhos,p-Xylene,0.057,90,PENDING,PENDING,0.0
365,KOAc,X-Phos,p-Xylene,0.057,90,PENDING,PENDING,0.0
364,KOAc,PPh3,p-Xylene,0.057,90,PENDING,PENDING,0.0
363,KOAc,PCy3 HBF4,p-Xylene,0.057,90,PENDING,PENDING,0.0
362,KOAc,tBPh-CPhos,p-Xylene,0.057,90,PENDING,PENDING,0.0
361,KOAc,PPhtBu2,p-Xylene,0.057,90,PENDING,PENDING,0.0
360,KOAc,BrettPhos,p-Xylene,0.057,90,PENDING,PENDING,0.0
359,CsOPiv,X-Phos,BuOAc,0.057,90,PENDING,PENDING,0.0
358,CsOPiv,PPh3,BuOAc,0.057,90,PENDING,PENDING,0.0
357,CsOPiv,PCy3 HBF4,BuOAc,0.057,90,PENDING,PENDING,0.0
356,CsOPiv,tBPh-CPhos,BuOAc,0.057,90,PENDING,PENDING,0.0
355,CsOPiv,PPhtBu2,BuOAc,0.057,90,PENDING,PENDING,0.0
354,CsOPiv,BrettPhos,BuOAc,0.057,90,PENDING,PENDING,0.0
353,CsOAc,X-Phos,BuOAc,0.057,90,PENDING,PENDING,0.0
352,CsOAc,PPh3,BuOAc,0.057,90,PENDING,PENDING,0.0
351,CsOAc,PCy3 HBF4,BuOAc,0.057,90,PENDING,PENDING,0.0
350,CsOAc,tBPh-CPhos,BuOAc,0.057,90,PENDING,PENDING,0.0
349,CsOAc,PPhtBu2,BuOAc,0.057,90,PENDING,PENDING,0.0
348,CsOAc,BrettPhos,BuOAc,0.057,90,PENDING,PENDING,0.0
347,KOPiv,X-Phos,BuOAc,0.057,90,PENDING,PENDING,0.0
346,KOPiv,PPh3,BuOAc,0.057,90,PENDING,PENDING,0.0
345,KOPiv,PCy3 HBF4,BuOAc,0.057,90,PENDING,PENDING,0.0
344,KOPiv,tBPh-CPhos,BuOAc,0.057,90,PENDING,PENDING,0.0
343,KOPiv,PPhtBu2,BuOAc,0.057,90,PENDING,PENDING,0.0
342,KOPiv,BrettPhos,BuOAc,0.057,90,PENDING,PENDING,0.0
341,KOAc,X-Phos,BuOAc,0.057,90,PENDING,PENDING,0.0
340,KOAc,PPh3,BuOAc,0.057,90,PENDING,PENDING,0.0
339,KOAc,PCy3 HBF4,BuOAc,0.057,90,PENDING,PENDING,0.0
338,KOAc,tBPh-CPhos,BuOAc,0.057,90,PENDING,PENDING,0.0
337,KOAc,PPhtBu2,BuOAc,0.057,90,PENDING,PENDING,0.0
336,KOAc,BrettPhos,BuOAc,0.057,90,PENDING,PENDING,0.0
335,CsOPiv,X-Phos,BuCN,0.057,90,PENDING,PENDING,0.0
334,CsOPiv,PPh3,BuCN,0.057,90,PENDING,PENDING,0.0
333,CsOPiv,PCy3 HBF4,BuCN,0.057,90,PENDING,PENDING,0.0
332,CsOPiv,tBPh-CPhos,BuCN,0.057,90,PENDING,PENDING,0.0
331,CsOPiv,PPhtBu2,BuCN,0.057,90,PENDING,PENDING,0.0
330,CsOPiv,BrettPhos,BuCN,0.057,90,PENDING,PENDING,0.0
329,CsOAc,X-Phos,BuCN,0.057,90,PENDING,PENDING,0.0
328,CsOAc,PPh3,BuCN,0.057,90,PENDING,PENDING,0.0
327,CsOAc,PCy3 HBF4,BuCN,0.057,90,PENDING,PENDING,0.0
326,CsOAc,tBPh-CPhos,BuCN,0.057,90,PENDING,PENDING,0.0
325,CsOAc,PPhtBu2,BuCN,0.057,90,PENDING,PENDING,0.0
324,CsOAc,BrettPhos,BuCN,0.057,90,PENDING,PENDING,0.0
323,KOPiv,X-Phos,BuCN,0.057,90,PENDING,PENDING,0.0
322,KOPiv,PPh3,BuCN,0.057,90,PENDING,PENDING,0.0
321,KOPiv,PCy3 HBF4,BuCN,0.057,90,PENDING,PENDING,0.0
320,KOPiv,tBPh-CPhos,BuCN,0.057,90,PENDING,PENDING,0.0
319,KOPiv,PPhtBu2,BuCN,0.057,90,PENDING,PENDING,0.0
318,KOPiv,BrettPhos,BuCN,0.057,90,PENDING,PENDING,0.0
317,KOAc,X-Phos,BuCN,0.057,90,PENDING,PENDING,0.0
316,KOAc,PPh3,BuCN,0.057,90,PENDING,PENDING,0.0
315,KOAc,PCy3 HBF4,BuCN,0.057,90,PENDING,PENDING,0.0
314,KOAc,tBPh-CPhos,BuCN,0.057,90,PENDING,PENDING,0.0
313,KOAc,PPhtBu2,BuCN,0.057,90,PENDING,PENDING,0.0
312,KOAc,BrettPhos,BuCN,0.057,90,PENDING,PENDING,0.0
311,CsOPiv,X-Phos,DMAc,0.057,90,PENDING,PENDING,0.0
310,CsOPiv,PPh3,DMAc,0.057,90,PENDING,PENDING,0.0
309,CsOPiv,PCy3 HBF4,DMAc,0.057,90,PENDING,PENDING,0.0
308,CsOPiv,tBPh-CPhos,DMAc,0.057,90,PENDING,PENDING,0.0
307,CsOPiv,PPhtBu2,DMAc,0.057,90,PENDING,PENDING,0.0
306,CsOPiv,BrettPhos,DMAc,0.057,90,PENDING,PENDING,0.0
305,CsOAc,X-Phos,DMAc,0.057,90,PENDING,PENDING,0.0
304,CsOAc,PPh3,DMAc,0.057,90,PENDING,PENDING,0.0
303,CsOAc,PCy3 HBF4,DMAc,0.057,90,PENDING,PENDING,0.0
302,CsOAc,tBPh-CPhos,DMAc,0.057,90,PENDING,PENDING,0.0
301,CsOAc,PPhtBu2,DMAc,0.057,90,PENDING,PENDING,0.0
300,CsOAc,BrettPhos,DMAc,0.057,90,PENDING,PENDING,0.0
299,KOPiv,X-Phos,DMAc,0.057,90,PENDING,PENDING,0.0
298,KOPiv,PPh3,DMAc,0.057,90,PENDING,PENDING,0.0
297,KOPiv,PCy3 HBF4,DMAc,0.057,90,PENDING,PENDING,0.0
296,KOPiv,tBPh-CPhos,DMAc,0.057,90,PENDING,PENDING,0.0
295,KOPiv,PPhtBu2,DMAc,0.057,90,PENDING,PENDING,0.0
294,KOPiv,BrettPhos,DMAc,0.057,90,PENDING,PENDING,0.0
293,KOAc,X-Phos,DMAc,0.057,90,PENDING,PENDING,0.0
292,KOAc,PPh3,DMAc,0.057,90,PENDING,PENDING,0.0
291,KOAc,PCy3 HBF4,DMAc,0.057,90,PENDING,PENDING,0.0
290,KOAc,tBPh-CPhos,DMAc,0.057,90,PENDING,PENDING,0.0
289,KOAc,PPhtBu2,DMAc,0.057,90,PENDING,PENDING,0.0
288,KOAc,BrettPhos,DMAc,0.057,90,PENDING,PENDING,0.0
287,CsOPiv,X-Phos,p-Xylene,0.1,120,PENDING,PENDING,0.0
286,CsOPiv,PPh3,p-Xylene,0.1,120,PENDING,PENDING,0.0
285,CsOPiv,PCy3 HBF4,p-Xylene,0.1,120,PENDING,PENDING,0.0
284,CsOPiv,tBPh-CPhos,p-Xylene,0.1,120,PENDING,PENDING,0.0
283,CsOPiv,PPhtBu2,p-Xylene,0.1,120,PENDING,PENDING,0.0
282,CsOPiv,BrettPhos,p-Xylene,0.1,120,PENDING,PENDING,0.0
281,CsOAc,X-Phos,p-Xylene,0.1,120,PENDING,PENDING,0.0
280,CsOAc,PPh3,p-Xylene,0.1,120,PENDING,PENDING,0.0
279,CsOAc,PCy3 HBF4,p-Xylene,0.1,120,PENDING,PENDING,0.0
278,CsOAc,tBPh-CPhos,p-Xylene,0.1,120,PENDING,PENDING,0.0
277,CsOAc,PPhtBu2,p-Xylene,0.1,120,PENDING,PENDING,0.0
276,CsOAc,BrettPhos,p-Xylene,0.1,120,PENDING,PENDING,0.0
275,KOPiv,X-Phos,p-Xylene,0.1,120,PENDING,PENDING,0.0
274,KOPiv,PPh3,p-Xylene,0.1,120,PENDING,PENDING,0.0
273,KOPiv,PCy3 HBF4,p-Xylene,0.1,120,PENDING,PENDING,0.0
272,KOPiv,tBPh-CPhos,p-Xylene,0.1,120,PENDING,PENDING,0.0
271,KOPiv,PPhtBu2,p-Xylene,0.1,120,PENDING,PENDING,0.0
270,KOPiv,BrettPhos,p-Xylene,0.1,120,PENDING,PENDING,0.0
269,KOAc,X-Phos,p-Xylene,0.1,120,PENDING,PENDING,0.0
268,KOAc,PPh3,p-Xylene,0.1,120,PENDING,PENDING,0.0
267,KOAc,PCy3 HBF4,p-Xylene,0.1,120,PENDING,PENDING,0.0
266,KOAc,tBPh-CPhos,p-Xylene,0.1,120,PENDING,PENDING,0.0
265,KOAc,PPhtBu2,p-Xylene,0.1,120,PENDING,PENDING,0.0
264,KOAc,BrettPhos,p-Xylene,0.1,120,PENDING,PENDING,0.0
263,CsOPiv,X-Phos,BuOAc,0.1,120,PENDING,PENDING,0.0
262,CsOPiv,PPh3,BuOAc,0.1,120,PENDING,PENDING,0.0
261,CsOPiv,PCy3 HBF4,BuOAc,0.1,120,PENDING,PENDING,0.0
260,CsOPiv,tBPh-CPhos,BuOAc,0.1,120,PENDING,PENDING,0.0
259,CsOPiv,PPhtBu2,BuOAc,0.1,120,PENDING,PENDING,0.0
258,CsOPiv,BrettPhos,BuOAc,0.1,120,PENDING,PENDING,0.0
257,CsOAc,X-Phos,BuOAc,0.1,120,PENDING,PENDING,0.0
256,CsOAc,PPh3,BuOAc,0.1,120,PENDING,PENDING,0.0
255,CsOAc,PCy3 HBF4,BuOAc,0.1,120,PENDING,PENDING,0.0
254,CsOAc,tBPh-CPhos,BuOAc,0.1,120,PENDING,PENDING,0.0
253,CsOAc,PPhtBu2,BuOAc,0.1,120,PENDING,PENDING,0.0
252,CsOAc,BrettPhos,BuOAc,0.1,120,PENDING,PENDING,0.0
251,KOPiv,X-Phos,BuOAc,0.1,120,PENDING,PENDING,0.0
250,KOPiv,PPh3,BuOAc,0.1,120,PENDING,PENDING,0.0
249,KOPiv,PCy3 HBF4,BuOAc,0.1,120,PENDING,PENDING,0.0
248,KOPiv,tBPh-CPhos,BuOAc,0.1,120,PENDING,PENDING,0.0
247,KOPiv,PPhtBu2,BuOAc,0.1,120,PENDING,PENDING,0.0
246,KOPiv,BrettPhos,BuOAc,0.1,120,PENDING,PENDING,0.0
245,KOAc,X-Phos,BuOAc,0.1,120,PENDING,PENDING,0.0
244,KOAc,PPh3,BuOAc,0.1,120,PENDING,PENDING,0.0
243,KOAc,PCy3 HBF4,BuOAc,0.1,120,PENDING,PENDING,0.0
242,KOAc,tBPh-CPhos,BuOAc,0.1,120,PENDING,PENDING,0.0
241,KOAc,PPhtBu2,BuOAc,0.1,120,PENDING,PENDING,0.0
240,KOAc,BrettPhos,BuOAc,0.1,120,PENDING,PENDING,0.0
239,CsOPiv,X-Phos,BuCN,0.1,120,PENDING,PENDING,0.0
238,CsOPiv,PPh3,BuCN,0.1,120,PENDING,PENDING,0.0
237,CsOPiv,PCy3 HBF4,BuCN,0.1,120,PENDING,PENDING,0.0
236,CsOPiv,tBPh-CPhos,BuCN,0.1,120,PENDING,PENDING,0.0
235,CsOPiv,PPhtBu2,BuCN,0.1,120,PENDING,PENDING,0.0
234,CsOPiv,BrettPhos,BuCN,0.1,120,PENDING,PENDING,0.0
233,CsOAc,X-Phos,BuCN,0.1,120,PENDING,PENDING,0.0
232,CsOAc,PPh3,BuCN,0.1,120,PENDING,PENDING,0.0
231,CsOAc,PCy3 HBF4,BuCN,0.1,120,PENDING,PENDING,0.0
230,CsOAc,tBPh-CPhos,BuCN,0.1,120,PENDING,PENDING,0.0
229,CsOAc,PPhtBu2,BuCN,0.1,120,PENDING,PENDING,0.0
228,CsOAc,BrettPhos,BuCN,0.1,120,PENDING,PENDING,0.0
227,KOPiv,X-Phos,BuCN,0.1,120,PENDING,PENDING,0.0
226,KOPiv,PPh3,BuCN,0.1,120,PENDING,PENDING,0.0
225,KOPiv,PCy3 HBF4,BuCN,0.1,120,PENDING,PENDING,0.0
224,KOPiv,tBPh-CPhos,BuCN,0.1,120,PENDING,PENDING,0.0
223,KOPiv,PPhtBu2,BuCN,0.1,120,PENDING,PENDING,0.0
222,KOPiv,BrettPhos,BuCN,0.1,120,PENDING,PENDING,0.0
221,KOAc,X-Phos,BuCN,0.1,120,PENDING,PENDING,0.0
220,KOAc,PPh3,BuCN,0.1,120,PENDING,PENDING,0.0
219,KOAc,PCy3 HBF4,BuCN,0.1,120,PENDING,PENDING,0.0
218,KOAc,tBPh-CPhos,BuCN,0.1,120,PENDING,PENDING,0.0
217,KOAc,PPhtBu2,BuCN,0.1,120,PENDING,PENDING,0.0
216,KOAc,BrettPhos,BuCN,0.1,120,PENDING,PENDING,0.0
215,CsOPiv,X-Phos,DMAc,0.1,120,PENDING,PENDING,0.0
214,CsOPiv,PPh3,DMAc,0.1,120,PENDING,PENDING,0.0
213,CsOPiv,PCy3 HBF4,DMAc,0.1,120,PENDING,PENDING,0.0
212,CsOPiv,tBPh-CPhos,DMAc,0.1,120,PENDING,PENDING,0.0
211,CsOPiv,PPhtBu2,DMAc,0.1,120,PENDING,PENDING,0.0
210,CsOPiv,BrettPhos,DMAc,0.1,120,PENDING,PENDING,0.0
209,CsOAc,X-Phos,DMAc,0.1,120,PENDING,PENDING,0.0
208,CsOAc,PPh3,DMAc,0.1,120,PENDING,PENDING,0.0
207,CsOAc,PCy3 HBF4,DMAc,0.1,120,PENDING,PENDING,0.0
206,CsOAc,tBPh-CPhos,DMAc,0.1,120,PENDING,PENDING,0.0
205,CsOAc,PPhtBu2,DMAc,0.1,120,PENDING,PENDING,0.0
204,CsOAc,BrettPhos,DMAc,0.1,120,PENDING,PENDING,0.0
203,KOPiv,X-Phos,DMAc,0.1,120,PENDING,PENDING,0.0
202,KOPiv,PPh3,DMAc,0.1,120,PENDING,PENDING,0.0
201,KOPiv,PCy3 HBF4,DMAc,0.1,120,PENDING,PENDING,0.0
200,KOPiv,tBPh-CPhos,DMAc,0.1,120,PENDING,PENDING,0.0
199,KOPiv,PPhtBu2,DMAc,0.1,120,PENDING,PENDING,0.0
198,KOPiv,BrettPhos,DMAc,0.1,120,PENDING,PENDING,0.0
197,KOAc,X-Phos,DMAc,0.1,120,PENDING,PENDING,0.0
196,KOAc,PPh3,DMAc,0.1,120,PENDING,PENDING,0.0
195,KOAc,PCy3 HBF4,DMAc,0.1,120,PENDING,PENDING,0.0
194,KOAc,tBPh-CPhos,DMAc,0.1,120,PENDING,PENDING,0.0
193,KOAc,PPhtBu2,DMAc,0.1,120,PENDING,PENDING,0.0
192,KOAc,BrettPhos,DMAc,0.1,120,PENDING,PENDING,0.0
191,CsOPiv,X-Phos,p-Xylene,0.1,90,PENDING,PENDING,0.0
190,CsOPiv,PPh3,p-Xylene,0.1,90,PENDING,PENDING,0.0
189,CsOPiv,PCy3 HBF4,p-Xylene,0.1,90,PENDING,PENDING,0.0
188,CsOPiv,tBPh-CPhos,p-Xylene,0.1,90,PENDING,PENDING,0.0
187,CsOPiv,PPhtBu2,p-Xylene,0.1,90,PENDING,PENDING,0.0
186,CsOPiv,BrettPhos,p-Xylene,0.1,90,PENDING,PENDING,0.0
185,CsOAc,X-Phos,p-Xylene,0.1,90,PENDING,PENDING,0.0
184,CsOAc,PPh3,p-Xylene,0.1,90,PENDING,PENDING,0.0
183,CsOAc,PCy3 HBF4,p-Xylene,0.1,90,PENDING,PENDING,0.0
182,CsOAc,tBPh-CPhos,p-Xylene,0.1,90,PENDING,PENDING,0.0
181,CsOAc,PPhtBu2,p-Xylene,0.1,90,PENDING,PENDING,0.0
180,CsOAc,BrettPhos,p-Xylene,0.1,90,PENDING,PENDING,0.0
179,KOPiv,X-Phos,p-Xylene,0.1,90,PENDING,PENDING,0.0
178,KOPiv,PPh3,p-Xylene,0.1,90,PENDING,PENDING,0.0
177,KOPiv,PCy3 HBF4,p-Xylene,0.1,90,PENDING,PENDING,0.0
176,KOPiv,tBPh-CPhos,p-Xylene,0.1,90,PENDING,PENDING,0.0
175,KOPiv,PPhtBu2,p-Xylene,0.1,90,PENDING,PENDING,0.0
174,KOPiv,BrettPhos,p-Xylene,0.1,90,PENDING,PENDING,0.0
173,KOAc,X-Phos,p-Xylene,0.1,90,PENDING,PENDING,0.0
172,KOAc,PPh3,p-Xylene,0.1,90,PENDING,PENDING,0.0
171,KOAc,PCy3 HBF4,p-Xylene,0.1,90,PENDING,PENDING,0.0
170,KOAc,tBPh-CPhos,p-Xylene,0.1,90,PENDING,PENDING,0.0
169,KOAc,PPhtBu2,p-Xylene,0.1,90,PENDING,PENDING,0.0
168,KOAc,BrettPhos,p-Xylene,0.1,90,PENDING,PENDING,0.0
167,CsOPiv,X-Phos,BuOAc,0.1,90,PENDING,PENDING,0.0
166,CsOPiv,PPh3,BuOAc,0.1,90,PENDING,PENDING,0.0
165,CsOPiv,PCy3 HBF4,BuOAc,0.1,90,PENDING,PENDING,0.0
164,CsOPiv,tBPh-CPhos,BuOAc,0.1,90,PENDING,PENDING,0.0
163,CsOPiv,PPhtBu2,BuOAc,0.1,90,PENDING,PENDING,0.0
162,CsOPiv,BrettPhos,BuOAc,0.1,90,PENDING,PENDING,0.0
161,CsOAc,X-Phos,BuOAc,0.1,90,PENDING,PENDING,0.0
160,CsOAc,PPh3,BuOAc,0.1,90,PENDING,PENDING,0.0
159,CsOAc,PCy3 HBF4,BuOAc,0.1,90,PENDING,PENDING,0.0
158,CsOAc,tBPh-CPhos,BuOAc,0.1,90,PENDING,PENDING,0.0
157,CsOAc,PPhtBu2,BuOAc,0.1,90,PENDING,PENDING,0.0
156,CsOAc,BrettPhos,BuOAc,0.1,90,PENDING,PENDING,0.0
155,KOPiv,X-Phos,BuOAc,0.1,90,PENDING,PENDING,0.0
154,KOPiv,PPh3,BuOAc,0.1,90,PENDING,PENDING,0.0
153,KOPiv,PCy3 HBF4,BuOAc,0.1,90,PENDING,PENDING,0.0
152,KOPiv,tBPh-CPhos,BuOAc,0.1,90,PENDING,PENDING,0.0
151,KOPiv,PPhtBu2,BuOAc,0.1,90,PENDING,PENDING,0.0
150,KOPiv,BrettPhos,BuOAc,0.1,90,PENDING,PENDING,0.0
149,KOAc,X-Phos,BuOAc,0.1,90,PENDING,PENDING,0.0
148,KOAc,PPh3,BuOAc,0.1,90,PENDING,PENDING,0.0
147,KOAc,PCy3 HBF4,BuOAc,0.1,90,PENDING,PENDING,0.0
146,KOAc,tBPh-CPhos,BuOAc,0.1,90,PENDING,PENDING,0.0
145,KOAc,PPhtBu2,BuOAc,0.1,90,PENDING,PENDING,0.0
144,KOAc,BrettPhos,BuOAc,0.1,90,PENDING,PENDING,0.0
143,CsOPiv,X-Phos,BuCN,0.1,90,PENDING,PENDING,0.0
142,CsOPiv,PPh3,BuCN,0.1,90,PENDING,PENDING,0.0
141,CsOPiv,PCy3 HBF4,BuCN,0.1,90,PENDING,PENDING,0.0
140,CsOPiv,tBPh-CPhos,BuCN,0.1,90,PENDING,PENDING,0.0
139,CsOPiv,PPhtBu2,BuCN,0.1,90,PENDING,PENDING,0.0
138,CsOPiv,BrettPhos,BuCN,0.1,90,PENDING,PENDING,0.0
137,CsOAc,X-Phos,BuCN,0.1,90,PENDING,PENDING,0.0
136,CsOAc,PPh3,BuCN,0.1,90,PENDING,PENDING,0.0
135,CsOAc,PCy3 HBF4,BuCN,0.1,90,PENDING,PENDING,0.0
134,CsOAc,tBPh-CPhos,BuCN,0.1,90,PENDING,PENDING,0.0
133,CsOAc,PPhtBu2,BuCN,0.1,90,PENDING,PENDING,0.0
132,CsOAc,BrettPhos,BuCN,0.1,90,PENDING,PENDING,0.0
131,KOPiv,X-Phos,BuCN,0.1,90,PENDING,PENDING,0.0
130,KOPiv,PPh3,BuCN,0.1,90,PENDING,PENDING,0.0
129,KOPiv,PCy3 HBF4,BuCN,0.1,90,PENDING,PENDING,0.0
128,KOPiv,tBPh-CPhos,BuCN,0.1,90,PENDING,PENDING,0.0
127,KOPiv,PPhtBu2,BuCN,0.1,90,PENDING,PENDING,0.0
126,KOPiv,BrettPhos,BuCN,0.1,90,PENDING,PENDING,0.0
125,KOAc,X-Phos,BuCN,0.1,90,PENDING,PENDING,0.0
124,KOAc,PPh3,BuCN,0.1,90,PENDING,PENDING,0.0
123,KOAc,PCy3 HBF4,BuCN,0.1,90,PENDING,PENDING,0.0
122,KOAc,tBPh-CPhos,BuCN,0.1,90,PENDING,PENDING,0.0
121,KOAc,PPhtBu2,BuCN,0.1,90,PENDING,PENDING,0.0
120,KOAc,BrettPhos,BuCN,0.1,90,PENDING,PENDING,0.0
119,CsOPiv,X-Phos,DMAc,0.1,90,PENDING,PENDING,0.0
118,CsOPiv,PPh3,DMAc,0.1,90,PENDING,PENDING,0.0
117,CsOPiv,PCy3 HBF4,DMAc,0.1,90,PENDING,PENDING,0.0
116,CsOPiv,tBPh-CPhos,DMAc,0.1,90,PENDING,PENDING,0.0
115,CsOPiv,PPhtBu2,DMAc,0.1,90,PENDING,PENDING,0.0
114,CsOPiv,BrettPhos,DMAc,0.1,90,PENDING,PENDING,0.0
113,CsOAc,X-Phos,DMAc,0.1,90,PENDING,PENDING,0.0
112,CsOAc,PPh3,DMAc,0.1,90,PENDING,PENDING,0.0
111,CsOAc,PCy3 HBF4,DMAc,0.1,90,PENDING,PENDING,0.0
110,CsOAc,tBPh-CPhos,DMAc,0.1,90,PENDING,PENDING,0.0
109,CsOAc,PPhtBu2,DMAc,0.1,90,PENDING,PENDING,0.0
108,CsOAc,BrettPhos,DMAc,0.1,90,PENDING,PENDING,0.0
107,KOPiv,X-Phos,DMAc,0.1,90,PENDING,PENDING,0.0
106,KOPiv,PPh3,DMAc,0.1,90,PENDING,PENDING,0.0
105,KOPiv,PCy3 HBF4,DMAc,0.1,90,PENDING,PENDING,0.0
104,KOPiv,tBPh-CPhos,DMAc,0.1,90,PENDING,PENDING,0.0
103,KOPiv,PPhtBu2,DMAc,0.1,90,PENDING,PENDING,0.0
102,KOPiv,BrettPhos,DMAc,0.1,90,PENDING,PENDING,0.0
101,KOAc,X-Phos,DMAc,0.1,90,PENDING,PENDING,0.0
100,KOAc,PPh3,DMAc,0.1,90,PENDING,PENDING,0.0
99,KOAc,PCy3 HBF4,DMAc,0.1,90,PENDING,PENDING,0.0
98,KOAc,tBPh-CPhos,DMAc,0.1,90,PENDING,PENDING,0.0
97,KOAc,PPhtBu2,DMAc,0.1,90,PENDING,PENDING,0.0
96,KOAc,BrettPhos,DMAc,0.1,90,PENDING,PENDING,0.0
95,CsOPiv,X-Phos,p-Xylene,0.1,105,PENDING,PENDING,0.0
94,CsOPiv,PPh3,p-Xylene,0.1,105,PENDING,PENDING,0.0
93,CsOPiv,PCy3 HBF4,p-Xylene,0.1,105,PENDING,PENDING,0.0
92,CsOPiv,tBPh-CPhos,p-Xylene,0.1,105,PENDING,PENDING,0.0
91,CsOPiv,PPhtBu2,p-Xylene,0.1,105,PENDING,PENDING,0.0
90,CsOPiv,BrettPhos,p-Xylene,0.1,105,PENDING,PENDING,0.0
89,CsOAc,X-Phos,p-Xylene,0.1,105,PENDING,PENDING,0.0
88,CsOAc,PPh3,p-Xylene,0.1,105,PENDING,PENDING,0.0
87,CsOAc,PCy3 HBF4,p-Xylene,0.1,105,PENDING,PENDING,0.0
86,CsOAc,tBPh-CPhos,p-Xylene,0.1,105,PENDING,PENDING,0.0
85,CsOAc,PPhtBu2,p-Xylene,0.1,105,PENDING,PENDING,0.0
84,CsOAc,BrettPhos,p-Xylene,0.1,105,PENDING,PENDING,0.0
83,KOPiv,X-Phos,p-Xylene,0.1,105,PENDING,PENDING,0.0
82,KOPiv,PPh3,p-Xylene,0.1,105,PENDING,PENDING,0.0
81,KOPiv,PCy3 HBF4,p-Xylene,0.1,105,PENDING,PENDING,0.0
80,KOPiv,tBPh-CPhos,p-Xylene,0.1,105,PENDING,PENDING,0.0
79,KOPiv,PPhtBu2,p-Xylene,0.1,105,PENDING,PENDING,0.0
78,KOPiv,BrettPhos,p-Xylene,0.1,105,PENDING,PENDING,0.0
77,KOAc,X-Phos,p-Xylene,0.1,105,PENDING,PENDING,0.0
76,KOAc,PPh3,p-Xylene,0.1,105,PENDING,PENDING,0.0
75,KOAc,PCy3 HBF4,p-Xylene,0.1,105,PENDING,PENDING,0.0
74,KOAc,tBPh-CPhos,p-Xylene,0.1,105,PENDING,PENDING,0.0
73,KOAc,PPhtBu2,p-Xylene,0.1,105,PENDING,PENDING,0.0
72,KOAc,BrettPhos,p-Xylene,0.1,105,PENDING,PENDING,0.0
70,CsOPiv,PPh3,BuOAc,0.1,105,PENDING,PENDING,0.0
69,CsOPiv,PCy3 HBF4,BuOAc,0.1,105,PENDING,PENDING,0.0
68,CsOPiv,tBPh-CPhos,BuOAc,0.1,105,PENDING,PENDING,0.0
67,CsOPiv,PPhtBu2,BuOAc,0.1,105,PENDING,PENDING,0.0
66,CsOPiv,BrettPhos,BuOAc,0.1,105,PENDING,PENDING,0.0
65,CsOAc,X-Phos,BuOAc,0.1,105,PENDING,PENDING,0.0
64,CsOAc,PPh3,BuOAc,0.1,105,PENDING,PENDING,0.0
63,CsOAc,PCy3 HBF4,BuOAc,0.1,105,PENDING,PENDING,0.0
62,CsOAc,tBPh-CPhos,BuOAc,0.1,105,PENDING,PENDING,0.0
61,CsOAc,PPhtBu2,BuOAc,0.1,105,PENDING,PENDING,0.0
60,CsOAc,BrettPhos,BuOAc,0.1,105,PENDING,PENDING,0.0
59,KOPiv,X-Phos,BuOAc,0.1,105,PENDING,PENDING,0.0
58,KOPiv,PPh3,BuOAc,0.1,105,PENDING,PENDING,0.0
57,KOPiv,PCy3 HBF4,BuOAc,0.1,105,PENDING,PENDING,0.0
56,KOPiv,tBPh-CPhos,BuOAc,0.1,105,PENDING,PENDING,0.0
55,KOPiv,PPhtBu2,BuOAc,0.1,105,PENDING,PENDING,0.0
54,KOPiv,BrettPhos,BuOAc,0.1,105,PENDING,PENDING,0.0
53,KOAc,X-Phos,BuOAc,0.1,105,PENDING,PENDING,0.0
52,KOAc,PPh3,BuOAc,0.1,105,PENDING,PENDING,0.0
51,KOAc,PCy3 HBF4,BuOAc,0.1,105,PENDING,PENDING,0.0
50,KOAc,tBPh-CPhos,BuOAc,0.1,105,PENDING,PENDING,0.0
49,KOAc,PPhtBu2,BuOAc,0.1,105,PENDING,PENDING,0.0
48,KOAc,BrettPhos,BuOAc,0.1,105,PENDING,PENDING,0.0
47,CsOPiv,X-Phos,BuCN,0.1,105,PENDING,PENDING,0.0
46,CsOPiv,PPh3,BuCN,0.1,105,PENDING,PENDING,0.0
45,CsOPiv,PCy3 HBF4,BuCN,0.1,105,PENDING,PENDING,0.0
44,CsOPiv,tBPh-CPhos,BuCN,0.1,105,PENDING,PENDING,0.0
43,CsOPiv,PPhtBu2,BuCN,0.1,105,PENDING,PENDING,0.0
42,CsOPiv,BrettPhos,BuCN,0.1,105,PENDING,PENDING,0.0
41,CsOAc,X-Phos,BuCN,0.1,105,PENDING,PENDING,0.0
40,CsOAc,PPh3,BuCN,0.1,105,PENDING,PENDING,0.0
39,CsOAc,PCy3 HBF4,BuCN,0.1,105,PENDING,PENDING,0.0
38,CsOAc,tBPh-CPhos,BuCN,0.1,105,PENDING,PENDING,0.0
37,CsOAc,PPhtBu2,BuCN,0.1,105,PENDING,PENDING,0.0
36,CsOAc,BrettPhos,BuCN,0.1,105,PENDING,PENDING,0.0
35,KOPiv,X-Phos,BuCN,0.1,105,PENDING,PENDING,0.0
34,KOPiv,PPh3,BuCN,0.1,105,PENDING,PENDING,0.0
33,KOPiv,PCy3 HBF4,BuCN,0.1,105,PENDING,PENDING,0.0
32,KOPiv,tBPh-CPhos,BuCN,0.1,105,PENDING,PENDING,0.0
31,KOPiv,PPhtBu2,BuCN,0.1,105,PENDING,PENDING,0.0
30,KOPiv,BrettPhos,BuCN,0.1,105,PENDING,PENDING,0.0
29,KOAc,X-Phos,BuCN,0.1,105,PENDING,PENDING,0.0
28,KOAc,PPh3,BuCN,0.1,105,PENDING,PENDING,0.0
27,KOAc,PCy3 HBF4,BuCN,0.1,105,PENDING,PENDING,0.0
26,KOAc,tBPh-CPhos,BuCN,0.1,105,PENDING,PENDING,0.0
25,KOAc,PPhtBu2,BuCN,0.1,105,PENDING,PENDING,0.0
24,KOAc,BrettPhos,BuCN,0.1,105,PENDING,PENDING,0.0
23,CsOPiv,X-Phos,DMAc,0.1,105,PENDING,PENDING,0.0
22,CsOPiv,PPh3,DMAc,0.1,105,PENDING,PENDING,0.0
21,CsOPiv,PCy3 HBF4,DMAc,0.1,105,PENDING,PENDING,0.0
20,CsOPiv,tBPh-CPhos,DMAc,0.1,105,PENDING,PENDING,0.0
19,CsOPiv,PPhtBu2,DMAc,0.1,105,PENDING,PENDING,0.0
18,CsOPiv,BrettPhos,DMAc,0.1,105,PENDING,PENDING,0.0
17,CsOAc,X-Phos,DMAc,0.1,105,PENDING,PENDING,0.0
16,CsOAc,PPh3,DMAc,0.1,105,PENDING,PENDING,0.0
15,CsOAc,PCy3 HBF4,DMAc,0.1,105,PENDING,PENDING,0.0
14,CsOAc,tBPh-CPhos,DMAc,0.1,105,PENDING,PENDING,0.0
12,CsOAc,BrettPhos,DMAc,0.1,105,PENDING,PENDING,0.0
11,KOPiv,X-Phos,DMAc,0.1,105,PENDING,PENDING,0.0
10,KOPiv,PPh3,DMAc,0.1,105,PENDING,PENDING,0.0
9,KOPiv,PCy3 HBF4,DMAc,0.1,105,PENDING,PENDING,0.0
8,KOPiv,tBPh-CPhos,DMAc,0.1,105,PENDING,PENDING,0.0
7,KOPiv,PPhtBu2,DMAc,0.1,105,PENDING,PENDING,0.0
6,KOPiv,BrettPhos,DMAc,0.1,105,PENDING,PENDING,0.0
5,KOAc,X-Phos,DMAc,0.1,105,PENDING,PENDING,0.0
4,KOAc,PPh3,DMAc,0.1,105,PENDING,PENDING,0.0
3,KOAc,PCy3 HBF4,DMAc,0.1,105,PENDING,PENDING,0.0
2,KOAc,tBPh-CPhos,DMAc,0.1,105,PENDING,PENDING,0.0
1,KOAc,PPhtBu2,DMAc,0.1,105,PENDING,PENDING,0.0
0,KOAc,BrettPhos,DMAc,0.1,105,PENDING,PENDING,0.0
1710,KOPiv,P(fur)3,p-Xylene,0.153,120,23.8,0.034507225,-1.0
1686,KOPiv,P(fur)3,BuOAc,0.153,120,31.43,0.040869605,-1.0
1666,KOPiv,CgMe-PPh,BuCN,0.153,120,80.65,0.0646148409999999,-1.0
1650,CsOPiv,P(fur)3,DMAc,0.153,120,68.17,0.120511814,-1.0
1642,KOPiv,CgMe-PPh,DMAc,0.153,120,99.81,0.0523066159999999,-1.0
1641,KOPiv,JackiePhos,DMAc,0.153,120,43.12,0.350390951,-1.0
1639,KOPiv,PPh2Me,DMAc,0.153,120,2.64,0.021613286,-1.0
1636,KOAc,CgMe-PPh,DMAc,0.153,120,98.38,0.053396793,-1.0
1540,KOAc,CgMe-PPh,DMAc,0.153,105,87.0,0.053363987,-1.0
1450,KOPiv,CgMe-PPh,DMAc,0.153,90,61.09,0.052194994,-1.0
1434,CsOPiv,P(fur)3,p-Xylene,0.057,120,5.15,0.139079512,-1.0
1422,KOPiv,P(fur)3,p-Xylene,0.057,120,9.88,0.051628763,-1.0
1397,KOAc,PPhMe2,BuOAc,0.057,120,0.0,0.058880809,-1.0
1354,KOPiv,CgMe-PPh,DMAc,0.057,120,89.95,0.0670563129999999,-1.0
1062,KOPiv,P(fur)3,DMAc,0.1,120,76.02,0.037716922,-1.0
1039,KOPiv,PPh2Me,p-Xylene,0.1,105,0.0,0.028582675,-1.0
1010,KOAc,GorlosPhos HBF4,BuOAc,0.1,105,2.85,0.050138135,-1.0
966,KOPiv,P(fur)3,DMAc,0.1,105,73.59,0.037709917,-1.0
870,KOPiv,P(fur)3,DMAc,0.1,90,26.29,0.037573562,-1.0
863,CsOPiv,X-Phos,p-Xylene,0.153,120,68.31,0.118034737,-1.0
845,KOAc,X-Phos,p-Xylene,0.153,120,61.67,0.031636791,-1.0
785,CsOAc,X-Phos,DMAc,0.153,120,84.49,0.075582645,-1.0
779,KOPiv,X-Phos,DMAc,0.153,120,80.39,0.02897608,-1.0
778,KOPiv,PPh3,DMAc,0.153,120,79.1,0.020775005,-1.0
777,KOPiv,PCy3 HBF4,DMAc,0.153,120,24.11,0.026484397,-1.0
773,KOAc,X-Phos,DMAc,0.153,120,84.67,0.030082718,-1.0
677,KOAc,X-Phos,DMAc,0.153,105,48.86,0.029979486,-1.0
671,CsOPiv,X-Phos,p-Xylene,0.153,90,44.28,0.117947034,-1.0
71,CsOPiv,X-Phos,BuOAc,0.1,105,59.92,0.13291648,-1.0
13,CsOAc,PPhtBu2,DMAc,0.1,105,0.0,0.088701357,-1.0
